ads_id,prop_name,completion_year,monthly_rent,location,property_type,rooms,parking,bathroom,size,furnished,facilities,additional_facilities,Column1
106014248,Aman Satu,,RM 900 per month,Kuala Lumpur - Kepong,Apartment,3,1,1,850 sq.ft.,Partially Furnished,"Minimart, Security, Parking, Playground","Air-Cond, Cooking Allowed",
105722598,Ixora Apartment (Kepong),2012,RM 900 per month,Kuala Lumpur - Kepong,Apartment,3,1,2,1035 sq.ft.,Not Furnished,"Playground, Swimming Pool, Sauna, Parking, Security, Multipurpose hall, Gymnasium",Cooking Allowed,
105722653,Opal Apartment (Walk Up) @ Taman Indah Perdana Kepong,,RM 900 per month,Kuala Lumpur - Kepong,Apartment,3,,2,850 sq.ft.,Partially Furnished,,"Washing Machine, Cooking Allowed",
105875318,Sri Penara,,RM 900 per month,Kuala Lumpur - Cheras,Apartment,3,,2,650 sq.ft.,Not Furnished,"Security, Lift, Playground, Jogging Track, Parking, Minimart",,
105940137,Rampai Court,,RM 900 per month,Kuala Lumpur - Wangsa Maju,Apartment,2,,1,600 sq.ft.,Not Furnished,"Barbeque area, Parking, Security, Playground",,
106014124,Megan Setapak,,RM 900 per month,Kuala Lumpur - Setapak,Flat,3,,1,744 sq.ft.,Not Furnished,Minimart,,
104372773,PPR Kampung Muhibbah,,RM 900 per month,Kuala Lumpur - Bukit Jalil,Flat,3,,2,750 sq.ft.,Partially Furnished,"Parking, Minimart, Lift, Playground, Multipurpose hall, Jogging Track","Cooking Allowed, Near KTM/LRT",
105992250,Lavile,2021,RM 888 per month,Kuala Lumpur - Cheras,Service Residence,1,1,1,350 sq.ft.,Fully Furnished,"Swimming Pool, Barbeque area, Parking, Gymnasium, Security, Multipurpose hall, Playground, Lift, Club house","Air-Cond, Cooking Allowed, Near KTM/LRT, Washing Machine, Internet",
106042940,Flat Pkns Au3,,RM 875 per month,Kuala Lumpur - Keramat,Flat,2,,1,549 sq.ft.,Partially Furnished,,,
101497057,Perumahan Penjawat Awam 1 Malaysia (PPA1M) Bukit Jalil,2018,RM 850 per month,Kuala Lumpur - Bukit Jalil,Apartment,3,,2,1200 sq.ft.,Fully Furnished,"Security, Swimming Pool, Jogging Track, Parking, Minimart",,
106017472,Taman Pertama (Cheras),,RM 850 per month,Kuala Lumpur - Cheras,Flat,2,,1,650 sq.ft.,Not Furnished,,Near KTM/LRT,
104587264,One-Stop @ Fraser Business Park,,RM 850 per month,Kuala Lumpur - KLCC,Service Residence,1,,1,350 sq.ft.,Partially Furnished,"Gymnasium, Security, Playground, Swimming Pool, Lift, Minimart","Near KTM/LRT, Air-Cond, Washing Machine, Internet",
105985615,Seksyen 2 Wangsa Maju Flat,,RM 850 per month,Kuala Lumpur - Wangsa Maju,Flat,2,,1,600 sq.ft.,Partially Furnished,"Minimart, Playground","Air-Cond, Cooking Allowed, Near KTM/LRT",
106049988,Seksyen 4 Wangsa Maju Flat,,RM 800 per month,Kuala Lumpur - Wangsa Maju,Flat,2,,1,550 sq.ft.,Partially Furnished,Playground,,
98479193,Apartment Seri Ceria 1,,RM 800 per month,Kuala Lumpur - Bukit Jalil,Apartment,3,,2,650 sq.ft.,Not Furnished,"Lift, Parking, Playground",,
105980698,M Vertica,2023,RM 800 per month,Kuala Lumpur - Cheras,Condominium,1,1,1,100 sq.ft.,Fully Furnished,"Parking, Security, Playground, Swimming Pool, Lift, Barbeque area, Multipurpose hall, Jogging Track, Gymnasium","Near KTM/LRT, Cooking Allowed, Air-Cond, Internet, Washing Machine",
105716450,Oxford Residences @ Pavilion Embassy,2021,"RM 8,900 per month",Kuala Lumpur - Keramat,Service Residence,4,2,4,1674 sq.ft.,Fully Furnished,"Swimming Pool, Sauna, Playground, Parking, Gymnasium, Lift, Barbeque area","Air-Cond, Cooking Allowed, Near KTM/LRT, Washing Machine",
104614403,Cheria Heights Condo / Apartments,,RM 750 per month,Kuala Lumpur - Cheras,Apartment,3,,1,700 sq.ft.,Not Furnished,"Security, Parking, Playground, Minimart","Cooking Allowed, Near KTM/LRT, Washing Machine",
106047853,Seksyen 1 Wangsa Maju Flat,,RM 750 per month,Kuala Lumpur - Wangsa Maju,Flat,2,,1,530 sq.ft.,Not Furnished,,,
105147985,Iris Apartment (Taman Desa),2004,RM 750 per month,Kuala Lumpur - Taman Desa,Apartment,2,1,2,624 sq.ft.,Not Furnished,"Parking, Security, Lift, Playground",Cooking Allowed,
105984177,Flat Danau Kota,,RM 750 per month,Kuala Lumpur - Setapak,Flat,3,,2,750 sq.ft.,Partially Furnished,"Minimart, Lift",Cooking Allowed,
105863368,Cheras Ria,,RM 700 per month,Kuala Lumpur - Cheras,Flat,3,,1,650 sq.ft.,Partially Furnished,"Minimart, Playground, Jogging Track",,
105970749,Perumahan Awam Seri Pulau Pinang,,RM 700 per month,Kuala Lumpur - Cheras,Flat,1,,1,450 sq.ft.,Partially Furnished,Parking,Cooking Allowed,
105508344,Bangsar Permai,1998,RM 690 per month,Kuala Lumpur - Bangsar,Condominium,1,,1,300 sq.ft.,Fully Furnished,"Playground, Swimming Pool, Gymnasium, Barbeque area, Squash Court, Parking, Security, Lift","Air-Cond, Cooking Allowed, Near KTM/LRT, Washing Machine, Internet",
105976335,Damai Court,,RM 650 per month,Kuala Lumpur - Cheras,Flat,2,1,1,600 sq.ft.,Not Furnished,"Parking, Minimart","Near KTM/LRT, Cooking Allowed",
106051014,2 Hampshire,2009,"RM 6,700 per month",Kuala Lumpur - KLCC,Condominium,4,2,5,2440 sq.ft.,Fully Furnished,"Security, Swimming Pool, Lift, Club house, Barbeque area, Parking, Gymnasium","Air-Cond, Cooking Allowed, Near KTM/LRT, Washing Machine",
102871892,Pavilion Ceylon Hill,2021,"RM 6,400 per month",Kuala Lumpur - KL City,Condominium,3,1,2,1165 sq.ft.,Fully Furnished,"Tennis Court, Gymnasium, Swimming Pool, Parking, Security, Lift, Sauna, Multipurpose hall","Air-Cond, Cooking Allowed, Near KTM/LRT, Washing Machine",
105219467,Pavilion Ceylon Hill,2021,"RM 5,950 per month",Kuala Lumpur - KL City,Service Residence,3,,3,1374 sq.ft.,Fully Furnished,"Parking, Security, Barbeque area, Swimming Pool, Gymnasium, Lift, Playground, Sauna, Club house","Air-Cond, Cooking Allowed, Washing Machine",
106037432,Sentral Suites @ KL Sentral,2022,"RM 5,500 per month",Kuala Lumpur - KL Sentral,Service Residence,3,1,3,1025 sq.ft.,Fully Furnished,"Playground, Swimming Pool, Jogging Track, Gymnasium, Parking, Sauna, Multipurpose hall, Security, Barbeque area, Lift","Air-Cond, Cooking Allowed, Near KTM/LRT, Washing Machine",
106009031,i-Zen @ Kiara 2,2005,"RM 5,500 per month",Kuala Lumpur - Mont Kiara,Service Residence,4,2,3,1695 sq.ft.,Fully Furnished,"Parking, Security, Lift, Swimming Pool, Playground, Gymnasium, Sauna, Barbeque area, Minimart, Multipurpose hall, Club house, Jogging Track, Tennis Court, Squash Court","Air-Cond, Cooking Allowed, Near KTM/LRT, Washing Machine, Internet",
105241732,Quill Residence,2021,"RM 5,000 per month",Kuala Lumpur - KLCC,Condominium,2,1,2,1400 sq.ft.,Fully Furnished,"Parking, Club house, Security, Swimming Pool, Multipurpose hall, Playground, Gymnasium, Barbeque area, Sauna, Lift","Air-Cond, Cooking Allowed, Washing Machine",
105880692,Miharja Apartment (LRT Maluri),,RM 430 per month,Kuala Lumpur - Cheras,Apartment,4,,2,850 sq.ft.,Fully Furnished,"Parking, Lift, Playground","Cooking Allowed, Near KTM/LRT, Washing Machine, Internet",
106052551,South Brooks,,"RM 4,500 per month",Kuala Lumpur - Kepong,Condominium,3,2,2,1333 sq.ft.,Partially Furnished,"Parking, Security, Lift, Swimming Pool","Air-Cond, Cooking Allowed",
106052515,South Brooks,2021,"RM 4,500 per month",Kuala Lumpur - Desa ParkCity,Condominium,3,2,2,1333 sq.ft.,Partially Furnished,"Gymnasium, Barbeque area, Multipurpose hall, Playground, Swimming Pool, Lift, Parking, Security, Jogging Track","Air-Cond, Cooking Allowed",
106009024,Stonor 3 @ KLCC,2019,"RM 4,500 per month",Kuala Lumpur - KLCC,Service Residence,1,,2,871 sq.ft.,Fully Furnished,"Parking, Playground, Swimming Pool, Multipurpose hall, Security, Gymnasium, Barbeque area, Squash Court","Cooking Allowed, Near KTM/LRT, Washing Machine, Air-Cond",
105753324,KL Gateway Premium Residences,2019,"RM 4,300 per month",Kuala Lumpur - Bangsar South,Service Residence,3,1,3,1400 sq.ft.,Fully Furnished,"Gymnasium, Minimart, Barbeque area, Security, Playground, Swimming Pool, Lift, Parking",,
106036973,Sky Suites @ KLCC,2019,"RM 4,200 per month",Kuala Lumpur - KLCC,Service Residence,3,,2,890 sq.ft.,Fully Furnished,"Security, Parking, Sauna, Gymnasium, Lift, Swimming Pool","Air-Cond, Cooking Allowed, Near KTM/LRT, Washing Machine",
104919417,One Cochrane Residence,2021,"RM 4,200 per month",Kuala Lumpur - Cheras,Condominium,2,2,2,1098 sq.ft.,Fully Furnished,"Jogging Track, Parking, Swimming Pool, Barbeque area, Security, Playground, Gymnasium, Sauna, Multipurpose hall","Air-Cond, Cooking Allowed, Near KTM/LRT, Washing Machine, Internet",
105986538,G Residence (Desa Pandan),2015,"RM 4,200 per month",Kuala Lumpur - Desa Pandan,Service Residence,3,2,2,1600 sq.ft.,Fully Furnished,"Swimming Pool, Gymnasium, Parking, Security","Air-Cond, Cooking Allowed",
105241899,One Cochrane Residence,2021,"RM 4,000 per month",Kuala Lumpur - Cheras,Condominium,2,,2,1055 sq.ft.,Fully Furnished,"Parking, Security, Sauna, Swimming Pool, Playground, Jogging Track, Multipurpose hall, Gymnasium, Barbeque area, Lift","Air-Cond, Cooking Allowed, Washing Machine",
106048376,"ARIA Luxury Residence, KLCC",2019,"RM 3,880 per month",Kuala Lumpur - KLCC,Service Residence,1,1,1,630 sq.ft.,Fully Furnished,"Swimming Pool, Lift, Security, Parking, Gymnasium, Barbeque area, Sauna, Playground","Air-Cond, Cooking Allowed, Washing Machine",
105224954,Pavilion Ceylon Hill,2021,"RM 3,750 per month",Kuala Lumpur - KL City,Service Residence,1,1,1,662 sq.ft.,Fully Furnished,"Parking, Security, Barbeque area, Swimming Pool, Gymnasium, Lift, Playground, Sauna, Club house","Air-Cond, Cooking Allowed, Washing Machine",
105856866,The Park Sky Residence @ Bukit Jalil City,2019,"RM 3,500 per month",Kuala Lumpur - Bukit Jalil,Service Residence,3,2,2,1044 sq.ft.,Partially Furnished,"Swimming Pool, Parking, Multipurpose hall, Security, Playground, Sauna, Gymnasium, Lift","Air-Cond, Cooking Allowed",
104248091,Lavile,2021,"RM 3,500 per month",Kuala Lumpur - Cheras,Service Residence,3,,2,956 sq.ft.,Fully Furnished,"Barbeque area, Multipurpose hall, Swimming Pool, Gymnasium, Security, Lift, Playground, Minimart","Air-Cond, Cooking Allowed, Near KTM/LRT, Washing Machine, Internet",
106038016,Vortex Hotel Suites & Residences @ KLCC,2016,"RM 3,500 per month",Kuala Lumpur - Jalan Sultan Ismail,Service Residence,3,,2,744 sq.ft.,Fully Furnished,"Security, Minimart, Lift, Parking, Playground, Gymnasium, Sauna, Club house, Swimming Pool","Air-Cond, Cooking Allowed, Near KTM/LRT, Washing Machine",
105976720,Scarletz Suites @ KL City Centre,2022,"RM 3,500 per month",Kuala Lumpur - KLCC,Service Residence,1,,1,450 sq.ft.,Fully Furnished,"Security, Swimming Pool, Gymnasium, Minimart, Lift, Parking","Air-Cond, Cooking Allowed, Washing Machine",
105271108,Sunway Velocity TWO,2024,"RM 3,450 per month",Kuala Lumpur - Cheras,Service Residence,3,1,2,890 sq.ft.,Fully Furnished,"Lift, Parking, Playground, Multipurpose hall, Swimming Pool, Gymnasium, Security, Jogging Track, Barbeque area, Minimart","Air-Cond, Cooking Allowed, Near KTM/LRT, Washing Machine",
105980882,Altitude 236,2014,"RM 3,300 per month",Kuala Lumpur - Cheras,Condominium,3,2,2,1485 sq.ft.,Fully Furnished,"Parking, Barbeque area, Security, Playground, Swimming Pool, Minimart, Gymnasium, Tennis Court, Sauna, Squash Court, Lift, Multipurpose hall","Air-Cond, Cooking Allowed, Washing Machine",
106050700,BLOOMSVALE,2023,"RM 3,300 per month",Kuala Lumpur - Old Klang Road,Service Residence,3,1,2,822 sq.ft.,Fully Furnished,"Jogging Track, Gymnasium, Playground, Tennis Court, Multipurpose hall, Swimming Pool, Barbeque area","Air-Cond, Cooking Allowed, Washing Machine, Internet",
106032036,Continew Condominium,2020,"RM 3,300 per month",Kuala Lumpur - Pudu,Condominium,2,1,2,871 sq.ft.,Fully Furnished,"Barbeque area, Multipurpose hall, Parking, Lift, Swimming Pool, Gymnasium, Sauna, Security, Minimart","Air-Cond, Cooking Allowed, Washing Machine",
106001978,Razak City Residences (RC Residence),2020,"RM 3,300 per month",Kuala Lumpur - Sungai Besi,Service Residence,3,1,3,1045 sq.ft.,Fully Furnished,"Lift, Jogging Track, Security, Swimming Pool, Barbeque area, Parking, Playground, Gymnasium",Air-Cond,
106000775,Quill Residence,2021,"RM 3,300 per month",Kuala Lumpur - KLCC,Condominium,1,1,1,670 sq.ft.,Fully Furnished,"Playground, Barbeque area, Sauna, Swimming Pool, Parking, Security, Gymnasium, Multipurpose hall, Club house",,
105637253,Lavile,2021,"RM 3,300 per month",Kuala Lumpur - Cheras,Service Residence,3,1,2,956 sq.ft.,Fully Furnished,"Multipurpose hall, Parking, Security, Swimming Pool, Barbeque area, Gymnasium",,
105994086,Sunway Velocity TWO,2024,"RM 3,300 per month",Kuala Lumpur - Cheras,Service Residence,2,1,1,840 sq.ft.,Fully Furnished,"Lift, Barbeque area, Gymnasium, Parking, Playground, Jogging Track, Multipurpose hall, Security, Swimming Pool","Air-Cond, Cooking Allowed, Washing Machine, Near KTM/LRT",
105975978,Altitude 236,2014,"RM 3,300 per month",Kuala Lumpur - Cheras,Condominium,3,,2,1485 sq.ft.,Fully Furnished,"Parking, Playground, Squash Court, Swimming Pool, Gymnasium, Security, Tennis Court, Barbeque area, Minimart, Sauna","Air-Cond, Cooking Allowed, Washing Machine",
106053412,Sky Meridien,2022,"RM 3,200 per month",Kuala Lumpur - Sentul,Service Residence,3,2,2,1200 sq.ft.,Fully Furnished,"Playground, Barbeque area, Security, Swimming Pool, Gymnasium, Parking, Multipurpose hall, Lift, Sauna","Near KTM/LRT, Cooking Allowed, Air-Cond, Washing Machine",
106040855,Soho Suites @ KLCC,2013,"RM 3,200 per month",Kuala Lumpur - KLCC,Service Residence,2,1,1,885 sq.ft.,Fully Furnished,"Swimming Pool, Parking, Sauna, Security, Gymnasium, Lift","Air-Cond, Cooking Allowed, Washing Machine, Near KTM/LRT",
106005374,Sky Meridien,2022,"RM 3,200 per month",Kuala Lumpur - Sentul,Service Residence,4,2,2,1200 sq.ft.,Fully Furnished,"Security, Swimming Pool, Gymnasium, Lift, Playground, Barbeque area, Parking, Sauna, Multipurpose hall",Air-Cond,
106003549,Angkasa Impian 1,2004,"RM 3,200 per month",Kuala Lumpur - Bukit Bintang,Condominium,4,,3,1500 sq.ft.,Fully Furnished,"Sauna, Security, Playground, Gymnasium, Barbeque area, Parking, Swimming Pool, Squash Court",,
105992205,Trion @ KL,2025,"RM 3,200 per month",Kuala Lumpur - Sungai Besi,Condominium,3,2,3,1023 sq.ft.,Fully Furnished,"Jogging Track, Barbeque area, Gymnasium, Security, Playground, Swimming Pool, Sauna, Multipurpose hall, Parking, Lift","Air-Cond, Washing Machine, Cooking Allowed, Near KTM/LRT",
105987338,Sky Meridien,2022,"RM 3,199 per month",Kuala Lumpur - Sentul,Service Residence,4,2,2,1200 sq.ft.,Fully Furnished,"Parking, Security, Lift, Swimming Pool, Playground, Gymnasium, Sauna, Barbeque area, Minimart, Multipurpose hall, Club house, Jogging Track, Tennis Court, Squash Court","Air-Cond, Cooking Allowed, Near KTM/LRT, Washing Machine",
105888086,The Era,2021,"RM 3,000 per month",Kuala Lumpur - Segambut,Service Residence,3,2,2,1033 sq.ft.,Fully Furnished,"Gymnasium, Barbeque area, Playground, Swimming Pool, Jogging Track, Sauna, Parking, Security, Lift, Minimart, Multipurpose hall, Club house","Air-Cond, Cooking Allowed, Internet",
106048821,The Park Sky Residence @ Bukit Jalil City,2019,"RM 3,000 per month",Kuala Lumpur - Bukit Jalil,Service Residence,2,1,2,953 sq.ft.,Fully Furnished,"Parking, Multipurpose hall, Gymnasium, Security, Lift, Playground, Swimming Pool","Air-Cond, Cooking Allowed, Near KTM/LRT, Washing Machine",
106020975,BLOOMSVALE,2023,"RM 3,000 per month",Kuala Lumpur - Old Klang Road,Service Residence,3,2,2,822 sq.ft.,Fully Furnished,"Gymnasium, Multipurpose hall, Barbeque area, Jogging Track, Tennis Court, Playground, Swimming Pool","Air-Cond, Cooking Allowed, Washing Machine",
106004278,The Address @ Taman Desa,2022,"RM 3,000 per month",Kuala Lumpur - Taman Desa,Condominium,3,2,3,1180 sq.ft.,Fully Furnished,"Security, Barbeque area, Parking, Swimming Pool, Playground, Gymnasium, Jogging Track, Lift, Multipurpose hall","Air-Cond, Near KTM/LRT, Washing Machine, Cooking Allowed",
105844941,,,"RM 3,000 per month",Kuala Lumpur - KL Eco City,Service Residence,1,1,1,645 sq.ft.,Fully Furnished,"Parking, Lift, Barbeque area, Gymnasium, Security, Minimart, Club house, Playground, Swimming Pool, Sauna","Air-Cond, Cooking Allowed, Near KTM/LRT, Washing Machine",
105985902,The Valley @ SkySierra,2023,"RM 3,000 per month",Kuala Lumpur - Setiawangsa,Condominium,3,,2,1200 sq.ft.,Partially Furnished,"Gymnasium, Jogging Track, Parking, Playground, Tennis Court, Barbeque area, Security, Lift, Multipurpose hall",,
105817019,V Residence 2 @ Sunway Velocity,2018,"RM 3,000 per month",Kuala Lumpur - Cheras,Service Residence,2,1,1,635 sq.ft.,Fully Furnished,"Playground, Jogging Track, Lift, Barbeque area, Sauna, Security, Gymnasium, Multipurpose hall, Swimming Pool, Parking","Air-Cond, Cooking Allowed, Near KTM/LRT, Washing Machine",
105980310,Kiaramas Sutera,2004,"RM 3,000 per month",Kuala Lumpur - Mont Kiara,Condominium,3,2,3,1600 sq.ft.,Fully Furnished,"Minimart, Barbeque area, Security, Swimming Pool, Sauna, Parking, Playground, Tennis Court, Squash Court, Gymnasium, Jogging Track, Lift","Air-Cond, Cooking Allowed, Near KTM/LRT, Washing Machine, Internet",
101606381,M Vertica,2023,"RM 3,000 per month",Kuala Lumpur - Cheras,Condominium,4,2,2,1000 sq.ft.,Fully Furnished,"Tennis Court, Swimming Pool, Jogging Track, Lift, Parking, Security, Playground, Barbeque area, Multipurpose hall, Gymnasium","Air-Cond, Cooking Allowed, Near KTM/LRT, Washing Machine, Internet",
106011276,Emerald Hills,2025,"RM 2,900 per month",Kuala Lumpur - Cheras,Condominium,3,2,2,1195 sq.ft.,Partially Furnished,"Club house, Parking, Swimming Pool, Playground, Jogging Track, Barbeque area, Sauna, Security",Cooking Allowed,
105993186,Kaleidoscope Residensi Setiawangsa,2020,"RM 2,900 per month",Kuala Lumpur - Setiawangsa,Condominium,3,2,2,1196 sq.ft.,Partially Furnished,"Parking, Lift, Playground, Swimming Pool, Gymnasium, Sauna, Security, Jogging Track",,
105993165,Kaleidoscope Residensi Setiawangsa,2020,"RM 2,900 per month",Kuala Lumpur - Setiawangsa,Condominium,3,2,2,1196 sq.ft.,Fully Furnished,"Parking, Lift, Playground, Swimming Pool, Gymnasium, Sauna, Security, Jogging Track","Air-Cond, Cooking Allowed, Near KTM/LRT, Washing Machine",
105703018,Nadi Bangsar Service Residence,2017,"RM 2,900 per month",Kuala Lumpur - Bangsar,Service Residence,1,1,2,890 sq.ft.,Fully Furnished,"Security, Playground, Gymnasium, Jogging Track, Lift, Parking, Minimart, Swimming Pool, Barbeque area",,
105985712,Trion @ KL,2025,"RM 2,900 per month",Kuala Lumpur - Sungai Besi,Condominium,2,,2,1050 sq.ft.,Fully Furnished,"Playground, Security, Swimming Pool, Gymnasium, Multipurpose hall, Parking, Jogging Track, Barbeque area, Sauna",Air-Cond,
105983068,Lavile,2021,"RM 2,900 per month",Kuala Lumpur - Cheras,Condominium,2,1,2,750 sq.ft.,Fully Furnished,"Barbeque area, Multipurpose hall, Parking, Security, Swimming Pool, Gymnasium","Air-Cond, Washing Machine, Cooking Allowed",
105703831,Cubic Botanical,2022,"RM 2,850 per month",Kuala Lumpur - Bangsar South,Service Residence,3,2,2,805 sq.ft.,Fully Furnished,"Parking, Multipurpose hall, Playground, Gymnasium, Security, Swimming Pool, Jogging Track, Barbeque area, Lift, Club house, Minimart","Air-Cond, Cooking Allowed, Near KTM/LRT, Washing Machine",
105360477,Lakeville Residence,2017,"RM 2,800 per month",Kuala Lumpur - Jalan Ipoh,Condominium,3,2,2,1355 sq.ft.,Fully Furnished,"Swimming Pool, Playground, Gymnasium, Barbeque area, Security, Jogging Track, Multipurpose hall, Club house, Parking, Lift, Sauna","Air-Cond, Cooking Allowed, Near KTM/LRT, Washing Machine",
106040137,The Goodwood Residence,2023,"RM 2,800 per month",Kuala Lumpur - Bangsar South,Service Residence,2,,1,700 sq.ft.,Fully Furnished,"Parking, Multipurpose hall, Security, Playground, Lift, Swimming Pool, Jogging Track","Air-Cond, Cooking Allowed, Near KTM/LRT, Washing Machine",
105919338,Paraiso @ The Earth Bukit Jalil,2020,"RM 2,800 per month",Kuala Lumpur - Bukit Jalil,Condominium,3,2,2,968 sq.ft.,Fully Furnished,"Barbeque area, Club house, Security, Swimming Pool, Parking, Sauna, Multipurpose hall, Gymnasium, Lift, Playground, Minimart","Air-Cond, Internet, Cooking Allowed, Near KTM/LRT, Washing Machine",
105206322,Arte @ Mont Kiara,2020,"RM 2,800 per month",Kuala Lumpur - Mont Kiara,Service Residence,2,1,2,886 sq.ft.,Fully Furnished,"Parking, Security, Lift, Swimming Pool, Playground, Gymnasium, Sauna, Barbeque area, Minimart, Multipurpose hall, Jogging Track","Air-Cond, Cooking Allowed, Washing Machine, Near KTM/LRT",
105269180,The Andes,2018,"RM 2,700 per month",Kuala Lumpur - Bukit Jalil,Condominium,3,2,2,1200 sq.ft.,Fully Furnished,"Lift, Barbeque area, Security, Playground, Squash Court, Multipurpose hall, Parking, Swimming Pool, Gymnasium, Sauna","Air-Cond, Cooking Allowed, Near KTM/LRT, Washing Machine, Internet",
105953047,Kenwingston Platz,2023,"RM 2,700 per month",Kuala Lumpur - Setapak,Service Residence,3,2,2,1010 sq.ft.,Fully Furnished,"Parking, Playground, Swimming Pool, Jogging Track, Multipurpose hall, Barbeque area, Security, Gymnasium, Lift, Sauna, Minimart","Air-Cond, Cooking Allowed, Washing Machine",
106021364,M Vertica,2023,"RM 2,700 per month",Kuala Lumpur - Cheras,Condominium,3,2,2,850 sq.ft.,Fully Furnished,"Playground, Swimming Pool, Lift, Multipurpose hall, Parking, Security, Tennis Court, Jogging Track, Barbeque area","Air-Cond, Cooking Allowed, Washing Machine",
105988898,The Mark,2015,"RM 2,700 per month",Kuala Lumpur - Cheras,Service Residence,3,2,2,1166 sq.ft.,Fully Furnished,"Parking, Lift, Multipurpose hall, Club house, Security, Playground, Sauna, Gymnasium, Jogging Track, Barbeque area, Swimming Pool, Minimart","Air-Cond, Cooking Allowed, Near KTM/LRT, Washing Machine",
105818673,M Adora,2024,"RM 2,700 per month",Kuala Lumpur - Wangsa Maju,Condominium,4,2,2,1000 sq.ft.,Fully Furnished,"Gymnasium, Barbeque area, Parking, Playground, Swimming Pool, Multipurpose hall, Security, Lift","Air-Cond, Cooking Allowed, Near KTM/LRT, Washing Machine",
106013619,The Reach @ Titiwangsa,2017,"RM 2,680 per month",Kuala Lumpur - Setapak,Condominium,4,2,3,1590 sq.ft.,Fully Furnished,"Security, Parking, Swimming Pool, Gymnasium, Squash Court, Lift, Playground, Multipurpose hall, Minimart, Barbeque area, Sauna, Jogging Track, Club house","Air-Cond, Cooking Allowed, Near KTM/LRT, Washing Machine",
106052784,TR Residence,2021,"RM 2,600 per month",Kuala Lumpur - Titiwangsa,Service Residence,3,1,2,753 sq.ft.,Fully Furnished,"Parking, Jogging Track, Barbeque area, Multipurpose hall, Gymnasium, Security, Playground, Swimming Pool","Near KTM/LRT, Air-Cond, Cooking Allowed, Washing Machine",
106049013,Infiniti 3 Residences,2017,"RM 2,600 per month",Kuala Lumpur - Wangsa Maju,Condominium,3,,4,1518 sq.ft.,Partially Furnished,"Barbeque area, Playground, Swimming Pool, Gymnasium, Tennis Court, Lift, Parking, Security","Air-Cond, Cooking Allowed, Near KTM/LRT",
106048663,Seasons Garden Residences @ Wangsa Maju,2017,"RM 2,600 per month",Kuala Lumpur - Wangsa Maju,Service Residence,4,1,2,850 sq.ft.,Fully Furnished,"Barbeque area, Jogging Track, Parking, Playground, Swimming Pool, Gymnasium, Multipurpose hall, Security, Minimart, Lift","Air-Cond, Near KTM/LRT, Cooking Allowed, Internet",
106021437,Titiwangsa Sentral,2011,"RM 2,600 per month",Kuala Lumpur - Titiwangsa,Condominium,3,,2,1100 sq.ft.,Fully Furnished,"Parking, Swimming Pool, Squash Court, Lift, Security, Gymnasium, Barbeque area, Playground, Tennis Court, Minimart","Air-Cond, Cooking Allowed, Near KTM/LRT, Washing Machine",
104595923,Riana South @ Bukit Mandarina,2019,"RM 2,600 per month",Kuala Lumpur - Cheras,Service Residence,4,2,2,958 sq.ft.,Fully Furnished,"Lift, Gymnasium, Playground, Club house, Parking, Security, Swimming Pool, Sauna, Barbeque area, Minimart, Multipurpose hall","Air-Cond, Cooking Allowed, Near KTM/LRT, Washing Machine",
102965764,Kaleidoscope Residensi Setiawangsa,2020,"RM 2,600 per month",Kuala Lumpur - Setiawangsa,Condominium,3,2,2,1192 sq.ft.,Partially Furnished,"Parking, Security, Swimming Pool, Lift, Playground, Multipurpose hall, Barbeque area, Gymnasium, Jogging Track","Air-Cond, Cooking Allowed",
106002443,Riverville Residences,2015,"RM 2,600 per month",Kuala Lumpur - Old Klang Road,Condominium,3,2,2,1210 sq.ft.,Fully Furnished,"Barbeque area, Parking, Security, Playground, Swimming Pool, Jogging Track, Multipurpose hall, Gymnasium",,
105992886,V Residence Suites,,"RM 2,600 per month",Kuala Lumpur - Cheras,Service Residence,2,1,1,694 sq.ft.,Fully Furnished,"Swimming Pool, Gymnasium, Security, Playground, Parking, Lift, Sauna, Barbeque area","Air-Cond, Cooking Allowed, Near KTM/LRT, Washing Machine",
105985647,Henna Residence  @ The Quartz WM,2021,"RM 2,600 per month",Kuala Lumpur - Wangsa Maju,Service Residence,3,1,2,841 sq.ft.,Fully Furnished,"Gymnasium, Parking, Swimming Pool, Barbeque area, Minimart, Playground, Lift, Security","Air-Cond, Cooking Allowed",
105942114,Unio Residence,2021,"RM 2,550 per month",Kuala Lumpur - Kepong,Service Residence,3,2,2,1139 sq.ft.,Partially Furnished,"Lift, Minimart, Playground, Swimming Pool, Gymnasium, Security, Tennis Court, Parking, Barbeque area, Multipurpose hall","Air-Cond, Cooking Allowed, Near KTM/LRT, Washing Machine",
105992432,Twin Arkz @ Bukit Jalil,2015,"RM 2,550 per month",Kuala Lumpur - Bukit Jalil,Condominium,2,2,2,1025 sq.ft.,Partially Furnished,"Lift, Multipurpose hall, Barbeque area, Squash Court, Playground, Swimming Pool, Gymnasium, Tennis Court, Parking, Security","Air-Cond, Cooking Allowed, Washing Machine",
105996224,Paraiso @ The Earth Bukit Jalil,2020,"RM 2,550 per month",Kuala Lumpur - Bukit Jalil,Condominium,3,,2,986 sq.ft.,Fully Furnished,"Parking, Security, Lift, Swimming Pool, Playground, Gymnasium, Sauna, Barbeque area, Minimart, Multipurpose hall, Club house, Jogging Track, Tennis Court, Squash Court","Air-Cond, Cooking Allowed, Near KTM/LRT, Washing Machine, Internet",
106052850,United Point Residence @ North Kiara,2019,"RM 2,500 per month",Kuala Lumpur - Segambut,Service Residence,3,2,2,958 sq.ft.,Fully Furnished,"Playground, Swimming Pool, Minimart, Lift, Barbeque area, Gymnasium, Parking, Security, Multipurpose hall","Air-Cond, Cooking Allowed",
105818608,The Hamilton,2020,"RM 2,500 per month",Kuala Lumpur - Wangsa Maju,Condominium,3,1,2,1000 sq.ft.,Fully Furnished,"Swimming Pool, Security, Playground, Gymnasium, Jogging Track, Multipurpose hall, Parking, Barbeque area, Lift","Air-Cond, Cooking Allowed, Near KTM/LRT, Washing Machine, Internet",
105928801,The Hamilton,2020,"RM 2,500 per month",Kuala Lumpur - Wangsa Maju,Condominium,3,2,2,1000 sq.ft.,Fully Furnished,"Jogging Track, Barbeque area, Parking, Security, Swimming Pool, Gymnasium, Playground, Multipurpose hall",,
106041495,Vista Kiara,1997,"RM 2,500 per month",Kuala Lumpur - Mont Kiara,Condominium,3,1,2,1238 sq.ft.,Fully Furnished,"Parking, Security, Sauna, Gymnasium, Multipurpose hall, Playground, Squash Court, Jogging Track, Club house, Minimart, Swimming Pool, Tennis Court, Barbeque area, Lift","Air-Cond, Cooking Allowed, Washing Machine",
106039420,Infiniti 3 Residences,2017,"RM 2,500 per month",Kuala Lumpur - Wangsa Maju,Condominium,3,2,2,1085 sq.ft.,Fully Furnished,"Tennis Court, Barbeque area, Lift, Parking, Playground, Swimming Pool, Security, Gymnasium",,
106026510,Cubic Botanical,2022,"RM 2,500 per month",Kuala Lumpur - Bangsar South,Service Residence,3,,2,805 sq.ft.,Partially Furnished,"Playground, Gymnasium, Parking, Multipurpose hall, Security, Swimming Pool, Barbeque area, Sauna, Jogging Track","Air-Cond, Cooking Allowed, Near KTM/LRT, Washing Machine",
105805238,Arte Cheras,2023,"RM 2,500 per month",Kuala Lumpur - Cheras,Service Residence,2,1,2,8685 sq.ft.,Fully Furnished,"Barbeque area, Gymnasium, Security, Parking, Lift, Multipurpose hall, Club house, Swimming Pool, Playground, Sauna, Minimart, Jogging Track, Tennis Court, Squash Court","Air-Cond, Cooking Allowed, Near KTM/LRT, Washing Machine",
103644740,Danau Kota Suite Apartments,2018,"RM 2,500 per month",Kuala Lumpur - Setapak,Apartment,3,1,2,969 sq.ft.,Fully Furnished,"Parking, Security, Lift, Swimming Pool, Playground, Gymnasium, Sauna, Barbeque area, Minimart, Multipurpose hall, Club house, Jogging Track, Tennis Court, Squash Court","Air-Cond, Cooking Allowed, Near KTM/LRT, Washing Machine",
104807613,Residensi Bandar Razak,,"RM 2,500 per month",Kuala Lumpur - Sungai Besi,Service Residence,3,1,3,1140 sq.ft.,Partially Furnished,"Parking, Security, Lift, Swimming Pool, Playground, Gymnasium, Multipurpose hall","Air-Cond, Cooking Allowed, Near KTM/LRT",
105988402,Razak City Residences (RC Residence),2020,"RM 2,500 per month",Kuala Lumpur - Sungai Besi,Service Residence,3,1,3,1148 sq.ft.,Fully Furnished,"Playground, Gymnasium, Parking, Swimming Pool, Jogging Track, Lift, Barbeque area, Security, Minimart","Air-Cond, Cooking Allowed, Near KTM/LRT, Washing Machine",
105980416,UNA Serviced Apartment @ Jalan Peel,2020,"RM 2,500 per month",Kuala Lumpur - Cheras,Service Residence,2,1,1,807 sq.ft.,Fully Furnished,"Gymnasium, Playground, Parking, Swimming Pool","Air-Cond, Cooking Allowed, Washing Machine, Near KTM/LRT",
105973143,Trion 2 @ KL,2022,"RM 2,500 per month",Kuala Lumpur - Chan Sow Lin,Service Residence,2,,1,675 sq.ft.,Fully Furnished,"Parking, Swimming Pool, Gymnasium, Jogging Track, Sauna, Multipurpose hall, Security, Playground, Barbeque area, Lift","Air-Cond, Cooking Allowed, Near KTM/LRT, Washing Machine",
105970086,Platinum OUG Residence,2021,"RM 2,500 per month",Kuala Lumpur - OUG,Condominium,3,1,3,1250 sq.ft.,Fully Furnished,"Playground, Gymnasium, Lift, Multipurpose hall, Security, Swimming Pool, Parking, Barbeque area, Minimart, Jogging Track","Cooking Allowed, Near KTM/LRT, Washing Machine, Air-Cond",
106007494,Casa Green (Bukit Jalil),2019,"RM 2,499 per month",Kuala Lumpur - Bukit Jalil,Condominium,3,2,3,1030 sq.ft.,Fully Furnished,"Security, Playground, Swimming Pool, Gymnasium, Multipurpose hall, Parking, Lift","Air-Cond, Cooking Allowed, Near KTM/LRT, Washing Machine",
105970298,Armani Residence,,"RM 2,499 per month",Kuala Lumpur - Cheras,Condominium,3,1,2,900 sq.ft.,Fully Furnished,"Gymnasium, Barbeque area, Club house, Parking, Playground, Swimming Pool, Security, Minimart, Lift, Multipurpose hall, Sauna","Air-Cond, Cooking Allowed, Washing Machine",
105518483,M Adora,2024,"RM 2,400 per month",Kuala Lumpur - Wangsa Maju,Condominium,4,2,2,1000 sq.ft.,Partially Furnished,"Gymnasium, Barbeque area, Parking, Playground, Swimming Pool, Multipurpose hall, Security, Lift","Air-Cond, Cooking Allowed, Near KTM/LRT, Washing Machine",
106026732,Kiara Residence 2,,"RM 2,400 per month",Kuala Lumpur - Bukit Jalil,Condominium,4,2,3,1457 sq.ft.,Fully Furnished,"Swimming Pool, Parking, Jogging Track, Gymnasium, Security","Air-Cond, Cooking Allowed, Near KTM/LRT, Washing Machine, Internet",
106011947,3 Residen @ Melawati,2010,"RM 2,400 per month",Kuala Lumpur - Taman Melawati,Condominium,4,2,3,1250 sq.ft.,Fully Furnished,"Sauna, Barbeque area, Minimart, Playground, Multipurpose hall, Parking, Swimming Pool, Security, Gymnasium","Air-Cond, Cooking Allowed, Washing Machine",
105917170,Kiara Residence 2,,"RM 2,400 per month",Kuala Lumpur - Bukit Jalil,Condominium,3,2,2,1200 sq.ft.,Fully Furnished,"Security, Swimming Pool, Jogging Track, Gymnasium, Parking, Lift, Playground, Sauna, Barbeque area, Multipurpose hall, Minimart","Air-Cond, Cooking Allowed, Near KTM/LRT, Washing Machine",
106054827,Condominium Akasia Bukit Jalil,2023,"RM 2,399 per month",Kuala Lumpur - Bukit Jalil,Condominium,3,,2,1200 sq.ft.,Fully Furnished,"Parking, Security, Lift, Swimming Pool, Playground, Gymnasium, Sauna, Barbeque area, Minimart, Multipurpose hall, Club house, Jogging Track, Tennis Court, Squash Court","Air-Cond, Cooking Allowed, Near KTM/LRT, Washing Machine, Internet",
105993937,Sofiya Residences,2019,"RM 2,350 per month",Kuala Lumpur - Desa ParkCity,Condominium,3,1,2,862 sq.ft.,Fully Furnished,"Parking, Security, Playground, Lift, Gymnasium, Minimart, Multipurpose hall","Air-Cond, Cooking Allowed, Washing Machine",
106052041,EkoCheras Service Apartment,2017,"RM 2,300 per month",Kuala Lumpur - Cheras,Service Residence,1,1,2,762 sq.ft.,Fully Furnished,"Swimming Pool, Gymnasium, Playground, Lift, Jogging Track, Parking, Security, Minimart, Tennis Court, Barbeque area, Sauna","Air-Cond, Cooking Allowed, Washing Machine",
104926474,Titiwangsa Sentral,2011,"RM 2,300 per month",Kuala Lumpur - Titiwangsa,Condominium,3,1,2,1100 sq.ft.,Fully Furnished,"Tennis Court, Barbeque area, Security, Playground, Gymnasium, Squash Court, Swimming Pool","Air-Cond, Cooking Allowed, Near KTM/LRT, Washing Machine",
106045814,Arte Plus Jalan Ampang,2018,"RM 2,300 per month",Kuala Lumpur - Ampang,Condominium,3,2,2,1121 sq.ft.,Fully Furnished,"Minimart, Jogging Track, Playground, Gymnasium, Parking, Security, Lift, Swimming Pool","Air-Cond, Cooking Allowed, Washing Machine, Internet, Near KTM/LRT",
105699474,M Vertica,2023,"RM 2,300 per month",Kuala Lumpur - Cheras,Condominium,3,1,2,850 sq.ft.,Fully Furnished,"Parking, Swimming Pool, Security, Playground, Barbeque area, Multipurpose hall, Lift, Tennis Court, Jogging Track",,
106037598,Riverville Residences,2015,"RM 2,300 per month",Kuala Lumpur - Old Klang Road,Condominium,3,2,2,1210 sq.ft.,Partially Furnished,"Security, Parking, Jogging Track, Swimming Pool, Gymnasium, Barbeque area, Multipurpose hall, Playground, Lift","Air-Cond, Cooking Allowed, Washing Machine",
105499921,Arte Cheras,2023,"RM 2,300 per month",Kuala Lumpur - Cheras,Service Residence,2,,2,868 sq.ft.,Fully Furnished,"Lift, Barbeque area, Multipurpose hall, Club house, Security, Parking, Gymnasium",,
105901350,M Vertica,2023,"RM 2,300 per month",Kuala Lumpur - Cheras,Condominium,3,1,2,850 sq.ft.,Fully Furnished,"Parking, Security, Lift, Swimming Pool, Playground, Gymnasium, Sauna, Barbeque area, Minimart, Multipurpose hall, Club house, Jogging Track, Tennis Court, Squash Court","Air-Cond, Cooking Allowed, Near KTM/LRT, Washing Machine",
105996185,3 Towers,2015,"RM 2,300 per month",Kuala Lumpur - Ampang Hilir,Service Residence,2,,2,830 sq.ft.,Fully Furnished,"Parking, Swimming Pool, Security, Gymnasium, Multipurpose hall, Lift, Minimart","Air-Cond, Washing Machine",
105996164,3 Towers,2015,"RM 2,300 per month",Kuala Lumpur - Ampang Hilir,Service Residence,2,,2,830 sq.ft.,Fully Furnished,"Parking, Swimming Pool, Security, Gymnasium, Lift, Minimart","Air-Cond, Washing Machine",
105992584,The Societe,2023,"RM 2,300 per month",Kuala Lumpur - Sri Hartamas,Service Residence,1,1,1,499 sq.ft.,Fully Furnished,"Parking, Security, Gymnasium, Lift, Club house, Swimming Pool","Air-Cond, Cooking Allowed, Washing Machine, Internet",
105319553,Teratai Mewah Condominium,,"RM 2,300 per month",Kuala Lumpur - Setapak,Condominium,4,1,3,1500 sq.ft.,Fully Furnished,"Sauna, Playground, Gymnasium, Barbeque area, Club house, Parking, Swimming Pool, Lift, Multipurpose hall, Minimart, Tennis Court, Squash Court, Security",,
105828414,Mahsuri Apartments,1987,"RM 2,300 per month",Kuala Lumpur - Keramat,Condominium,3,2,2,1130 sq.ft.,Fully Furnished,"Parking, Playground, Security",,
105987619,Platinum Splendor Residensi Semarak,2020,"RM 2,300 per month",Kuala Lumpur - Keramat,Condominium,3,2,2,926 sq.ft.,Fully Furnished,"Swimming Pool, Security, Minimart, Playground, Parking, Gymnasium, Lift, Tennis Court, Squash Court, Sauna, Multipurpose hall","Air-Cond, Cooking Allowed, Near KTM/LRT, Washing Machine",
105987556,Lily Apartment @ Kuchai Lama,2021,"RM 2,300 per month",Kuala Lumpur - Kuchai Lama,Apartment,3,1,2,820 sq.ft.,Partially Furnished,,,
105987255,Kiara Residence 1,2014,"RM 2,300 per month",Kuala Lumpur - Bukit Jalil,Condominium,4,2,3,1293 sq.ft.,Fully Furnished,"Security, Playground, Squash Court, Jogging Track, Sauna, Parking, Minimart, Gymnasium, Club house, Swimming Pool, Tennis Court, Barbeque area",,
105598450,PKNS Kampung Baru,,"RM 2,250 per month",Kuala Lumpur - KLCC,Flat,3,,1,850 sq.ft.,Not Furnished,Lift,"Cooking Allowed, Near KTM/LRT",
106052080,Henna Residence  @ The Quartz WM,2021,"RM 2,200 per month",Kuala Lumpur - Wangsa Maju,Service Residence,2,1,2,700 sq.ft.,Fully Furnished,"Minimart, Playground, Swimming Pool, Parking, Security, Gymnasium, Lift, Barbeque area","Air-Cond, Cooking Allowed, Washing Machine",
105495648,Cubic Botanical,2022,"RM 2,200 per month",Kuala Lumpur - Bangsar South,Service Residence,1,1,1,518 sq.ft.,Fully Furnished,"Sauna, Parking, Swimming Pool, Barbeque area, Jogging Track, Multipurpose hall, Security, Playground, Gymnasium, Lift","Air-Cond, Cooking Allowed, Washing Machine",
105253108,The Z Residence,2014,"RM 2,200 per month",Kuala Lumpur - Bukit Jalil,Condominium,2,1,2,1036 sq.ft.,Fully Furnished,"Gymnasium, Sauna, Minimart, Swimming Pool, Security, Lift, Parking, Playground, Jogging Track, Barbeque area","Air-Cond, Cooking Allowed, Near KTM/LRT, Washing Machine",
105831002,United Point Residence @ North Kiara,2019,"RM 2,200 per month",Kuala Lumpur - Segambut,Service Residence,3,,2,958 sq.ft.,Fully Furnished,"Barbeque area, Parking, Swimming Pool, Playground, Multipurpose hall, Security, Lift, Minimart, Gymnasium","Air-Cond, Cooking Allowed, Near KTM/LRT, Washing Machine",
106004138,The Tamarind @ Sentul East,2005,"RM 2,200 per month",Kuala Lumpur - Sentul,Condominium,3,,2,1065 sq.ft.,Fully Furnished,"Swimming Pool, Minimart, Playground, Tennis Court, Barbeque area, Parking, Gymnasium, Security",,
105998177,Neu Suites,2021,"RM 2,200 per month",Kuala Lumpur - Ampang,Service Residence,2,1,2,480 sq.ft.,Fully Furnished,"Swimming Pool, Parking, Security, Lift, Multipurpose hall, Playground, Gymnasium, Sauna, Barbeque area, Minimart, Club house, Jogging Track","Air-Cond, Cooking Allowed, Near KTM/LRT, Washing Machine, Internet",
105992958,Sri Ayu,,"RM 2,200 per month",Kuala Lumpur - Setiawangsa,Apartment,3,,2,1200 sq.ft.,Fully Furnished,"Security, Barbeque area, Parking, Playground, Swimming Pool, Gymnasium, Club house","Air-Cond, Cooking Allowed, Near KTM/LRT, Washing Machine",
105989889,Vista Sentul Residences,2023,"RM 2,200 per month",Kuala Lumpur - Sentul,Service Residence,3,2,2,958 sq.ft.,Partially Furnished,"Parking, Gymnasium, Lift, Multipurpose hall, Security, Swimming Pool, Playground",,
105796675,Damai Residence @ Sungai Besi,2021,"RM 2,200 per month",Kuala Lumpur - Chan Sow Lin,Service Residence,3,2,2,987 sq.ft.,Fully Furnished,"Gymnasium, Parking, Swimming Pool, Sauna, Security",,
105735114,Plaza Metro Prima,2007,"RM 2,100 per month",Kuala Lumpur - Kepong,Service Residence,4,1,2,1460 sq.ft.,Fully Furnished,"Barbeque area, Security, Minimart, Playground, Swimming Pool, Parking, Gymnasium",Cooking Allowed,
106050668,M Centura,2021,"RM 2,100 per month",Kuala Lumpur - Sentul,Service Residence,3,,2,850 sq.ft.,Fully Furnished,"Security, Multipurpose hall, Playground, Swimming Pool, Barbeque area, Parking","Air-Cond, Cooking Allowed, Washing Machine",
106041081,The Havre @ Bukit Jalil,2020,"RM 2,100 per month",Kuala Lumpur - Bukit Jalil,Condominium,3,1,3,1023 sq.ft.,Fully Furnished,"Lift, Security, Jogging Track, Sauna, Multipurpose hall, Barbeque area, Playground, Gymnasium, Parking, Swimming Pool","Air-Cond, Cooking Allowed, Washing Machine",
106031768,Majestic Maxim,2021,"RM 2,100 per month",Kuala Lumpur - Cheras,Service Residence,3,1,2,819 sq.ft.,Fully Furnished,"Swimming Pool, Security, Barbeque area, Playground, Gymnasium, Lift, Parking","Air-Cond, Cooking Allowed, Near KTM/LRT",
105163480,The Haute,2019,"RM 2,100 per month",Kuala Lumpur - Keramat,Condominium,3,2,2,1003 sq.ft.,Partially Furnished,"Security, Gymnasium, Multipurpose hall, Parking, Swimming Pool, Lift, Playground, Sauna, Barbeque area","Cooking Allowed, Near KTM/LRT, Air-Cond",
106000479,M Adora,2024,"RM 2,100 per month",Kuala Lumpur - Wangsa Maju,Condominium,3,1,2,900 sq.ft.,Fully Furnished,"Barbeque area, Playground, Swimming Pool, Parking, Security, Gymnasium, Lift, Multipurpose hall","Air-Cond, Cooking Allowed, Near KTM/LRT, Washing Machine",
105739404,Platinum Arena,2022,"RM 2,100 per month",Kuala Lumpur - Old Klang Road,Condominium,3,2,2,910 sq.ft.,Partially Furnished,"Jogging Track, Parking, Barbeque area, Swimming Pool, Multipurpose hall, Playground, Club house, Security, Lift","Air-Cond, Cooking Allowed, Near KTM/LRT, Washing Machine, Internet",
106047697,Damansara Foresta,2016,"RM 2,050 per month",Kuala Lumpur - Sri Damansara,Condominium,3,2,3,1492 sq.ft.,Partially Furnished,"Jogging Track, Barbeque area, Parking, Security, Playground, Swimming Pool, Sauna, Gymnasium, Multipurpose hall",,
106040075,Majestic Maxim,2021,"RM 2,050 per month",Kuala Lumpur - Cheras,Service Residence,3,1,2,819 sq.ft.,Fully Furnished,"Parking, Security, Lift, Playground, Swimming Pool, Gymnasium","Air-Cond, Cooking Allowed, Washing Machine",
105989310,Razak City Residences (RC Residence),2020,"RM 2,050 per month",Kuala Lumpur - Sungai Besi,Service Residence,3,1,3,1148 sq.ft.,Partially Furnished,"Security, Parking, Gymnasium, Barbeque area, Swimming Pool, Jogging Track, Lift, Playground","Air-Cond, Cooking Allowed, Near KTM/LRT",
106050363,The Valley @ SkySierra,2023,"RM 2,000 per month",Kuala Lumpur - Setiawangsa,Condominium,2,,1,880 sq.ft.,Partially Furnished,"Gymnasium, Tennis Court, Lift, Parking, Jogging Track, Security, Barbeque area, Multipurpose hall, Playground, Swimming Pool, Sauna","Air-Cond, Cooking Allowed",
106020049,Platinum Lake PV16,2013,"RM 2,000 per month",Kuala Lumpur - Setapak,Condominium,4,2,2,1313 sq.ft.,Partially Furnished,"Tennis Court, Sauna, Parking, Playground, Swimming Pool, Squash Court, Jogging Track, Club house, Minimart, Gymnasium, Barbeque area, Security",,
105862383,Three33 Residence,2020,"RM 2,000 per month",Kuala Lumpur - Kepong,Service Residence,3,1,2,850 sq.ft.,Fully Furnished,"Gymnasium, Parking, Swimming Pool, Sauna, Security, Multipurpose hall, Playground, Barbeque area",,
103914583,The Holmes Bandar Tun Razak,2019,"RM 2,000 per month",Kuala Lumpur - Cheras,Condominium,3,2,2,1018 sq.ft.,Fully Furnished,"Lift, Security, Playground, Swimming Pool, Barbeque area, Parking, Multipurpose hall","Air-Cond, Cooking Allowed",
106044546,Legend Height,2020,"RM 2,000 per month",Kuala Lumpur - Segambut,Service Residence,4,2,2,1050 sq.ft.,Partially Furnished,"Parking, Playground, Swimming Pool, Gymnasium, Multipurpose hall, Security",,
105940326,3 Residen @ Melawati,2010,"RM 2,000 per month",Kuala Lumpur - Taman Melawati,Condominium,2,2,2,1098 sq.ft.,Fully Furnished,"Swimming Pool, Barbeque area, Sauna, Parking, Security, Gymnasium, Multipurpose hall, Playground, Minimart","Air-Cond, Cooking Allowed, Washing Machine",
105774695,Villa Orkid,2013,"RM 2,000 per month",Kuala Lumpur - Segambut,Condominium,3,2,2,1600 sq.ft.,Fully Furnished,"Security, Swimming Pool, Jogging Track, Barbeque area, Parking, Playground, Gymnasium, Sauna, Lift, Minimart, Multipurpose hall, Tennis Court","Air-Cond, Cooking Allowed, Washing Machine, Near KTM/LRT",
105429518,Suasana Lumayan,2015,"RM 2,000 per month",Kuala Lumpur - Cheras,Condominium,4,1,2,1142 sq.ft.,Partially Furnished,"Security, Playground, Gymnasium, Sauna, Minimart, Lift, Parking, Swimming Pool","Air-Cond, Cooking Allowed, Washing Machine",
105800640,Sofiya Residences,2019,"RM 2,000 per month",Kuala Lumpur - Desa ParkCity,Condominium,3,1,2,862 sq.ft.,Fully Furnished,"Parking, Playground, Security, Lift, Minimart, Jogging Track, Gymnasium, Multipurpose hall","Air-Cond, Cooking Allowed, Washing Machine",
106037524,Pantai Hillpark 5,,"RM 2,000 per month",Kuala Lumpur - Bangsar South,Condominium,3,1,2,1100 sq.ft.,Fully Furnished,"Playground, Gymnasium, Parking, Security, Tennis Court, Lift, Swimming Pool","Air-Cond, Cooking Allowed, Washing Machine",
105798292,M Centura,2021,"RM 2,000 per month",Kuala Lumpur - Sentul,Service Residence,3,2,2,850 sq.ft.,Fully Furnished,"Barbeque area, Parking, Multipurpose hall, Playground, Swimming Pool, Security","Cooking Allowed, Air-Cond, Washing Machine, Near KTM/LRT",
105414396,Platinum Lake PV16,2013,"RM 2,000 per month",Kuala Lumpur - Setapak,Condominium,4,2,2,1313 sq.ft.,Partially Furnished,"Security, Swimming Pool, Gymnasium, Parking, Club house, Lift","Air-Cond, Cooking Allowed, Washing Machine",
106012476,Casa Green (Bukit Jalil),2019,"RM 2,000 per month",Kuala Lumpur - Bukit Jalil,Condominium,3,2,3,1006 sq.ft.,Fully Furnished,"Gymnasium, Security, Multipurpose hall, Parking, Playground, Swimming Pool, Lift, Jogging Track, Minimart","Air-Cond, Cooking Allowed, Near KTM/LRT, Washing Machine",
105915190,Setia SKY Residences,2011,"RM 2,000 per month",Kuala Lumpur - KLCC,Condominium,1,1,1,764 sq.ft.,Fully Furnished,"Minimart, Swimming Pool, Club house, Parking, Security, Playground, Lift, Gymnasium, Barbeque area","Cooking Allowed, Air-Cond",
104763142,Platinum Lake PV 20,2014,"RM 2,000 per month",Kuala Lumpur - Setapak,Condominium,3,3,2,1473 sq.ft.,Fully Furnished,"Club house, Parking, Playground, Swimming Pool, Gymnasium, Security, Minimart, Lift","Air-Cond, Cooking Allowed, Washing Machine",
106003812,Arte Plus Jalan Ampang,2018,"RM 2,000 per month",Kuala Lumpur - Ampang,Service Residence,2,1,2,760 sq.ft.,Fully Furnished,"Security, Playground, Parking, Jogging Track, Minimart, Swimming Pool, Gymnasium, Lift","Air-Cond, Cooking Allowed, Washing Machine",
105715481,VIVO Residential Suites @ 9 Seputeh,2018,"RM 2,000 per month",Kuala Lumpur - Old Klang Road,Service Residence,2,,2,775 sq.ft.,Partially Furnished,"Swimming Pool, Barbeque area, Security, Parking, Lift, Multipurpose hall, Tennis Court, Playground, Gymnasium, Jogging Track, Sauna, Minimart","Air-Cond, Cooking Allowed, Washing Machine",
103213720,Zen Suites @ Zetapark,2013,"RM 2,000 per month",Kuala Lumpur - Setapak,Service Residence,3,2,2,1010 sq.ft.,Partially Furnished,"Lift, Barbeque area, Parking, Playground, Swimming Pool, Jogging Track, Sauna, Multipurpose hall, Gymnasium, Security, Minimart","Air-Cond, Cooking Allowed",
105994320,Tiara Mutiara 2,2017,"RM 2,000 per month",Kuala Lumpur - Old Klang Road,Service Residence,3,1,2,933 sq.ft.,Fully Furnished,"Gymnasium, Parking, Sauna, Security, Swimming Pool, Lift, Multipurpose hall, Playground","Air-Cond, Cooking Allowed, Washing Machine",
105993871,Henna Residence  @ The Quartz WM,2021,"RM 2,000 per month",Kuala Lumpur - Wangsa Maju,Service Residence,2,1,2,690 sq.ft.,Fully Furnished,"Parking, Security, Lift, Swimming Pool, Playground, Gymnasium, Sauna, Barbeque area, Minimart, Multipurpose hall","Air-Cond, Cooking Allowed, Near KTM/LRT, Washing Machine, Internet",
105991770,Vista Sentul Residences,2023,"RM 2,000 per month",Kuala Lumpur - Sentul,Service Residence,3,1,2,818 sq.ft.,Fully Furnished,"Lift, Security, Swimming Pool, Parking, Gymnasium, Multipurpose hall, Playground","Air-Cond, Cooking Allowed, Near KTM/LRT, Washing Machine, Internet",
104594450,M Vertica,2023,"RM 2,000 per month",Kuala Lumpur - Cheras,Condominium,3,1,2,850 sq.ft.,Partially Furnished,"Lift, Barbeque area, Multipurpose hall, Parking, Swimming Pool, Security, Jogging Track, Playground, Tennis Court, Gymnasium, Minimart",,
105804416,Savio @ Riana Dutamas,2019,"RM 2,000 per month",Kuala Lumpur - Segambut,Service Residence,3,2,2,802 sq.ft.,Fully Furnished,"Playground, Swimming Pool, Parking, Jogging Track, Security, Gymnasium, Multipurpose hall, Barbeque area","Air-Cond, Cooking Allowed, Washing Machine, Near KTM/LRT",
106032073,Razak City Residences (RC Residence),2020,"RM 1,999 per month",Kuala Lumpur - Sungai Besi,Service Residence,3,,2,1050 sq.ft.,Fully Furnished,"Barbeque area, Playground, Parking, Jogging Track, Lift, Swimming Pool, Security, Gymnasium",Air-Cond,
106017672,Infiniti 3 Residences,2017,"RM 1,999 per month",Kuala Lumpur - Wangsa Maju,Condominium,3,2,2,1100 sq.ft.,Partially Furnished,"Swimming Pool, Tennis Court, Playground, Security, Lift, Barbeque area, Parking, Gymnasium",,
105995804,Henna Residence  @ The Quartz WM,2021,"RM 1,999 per month",Kuala Lumpur - Wangsa Maju,Condominium,2,1,1,700 sq.ft.,Fully Furnished,"Parking, Gymnasium, Lift, Security, Swimming Pool, Barbeque area, Minimart, Playground",,
105995695,Infiniti 3 Residences,2017,"RM 1,999 per month",Kuala Lumpur - Wangsa Maju,Condominium,3,2,2,1100 sq.ft.,Partially Furnished,"Playground, Swimming Pool, Barbeque area, Tennis Court, Security, Gymnasium, Lift, Parking",,
104295069,M Centura,2021,"RM 1,980 per month",Kuala Lumpur - Sentul,Service Residence,3,1,2,850 sq.ft.,Fully Furnished,"Parking, Lift, Security, Swimming Pool, Playground, Multipurpose hall, Gymnasium, Sauna, Barbeque area, Minimart","Air-Cond, Cooking Allowed, Near KTM/LRT, Washing Machine",
102317388,Arte Plus Jalan Ampang,2018,"RM 1,970 per month",Kuala Lumpur - Ampang,Service Residence,2,1,2,700 sq.ft.,Fully Furnished,"Playground, Gymnasium, Parking, Security, Lift, Swimming Pool, Multipurpose hall, Minimart","Air-Cond, Cooking Allowed, Near KTM/LRT, Washing Machine, Internet",
105970636,Cubic Botanical,2022,"RM 1,950 per month",Kuala Lumpur - Bangsar South,Service Residence,2,1,1,518 sq.ft.,Fully Furnished,"Security, Sauna, Swimming Pool, Gymnasium, Parking, Playground, Barbeque area, Jogging Track, Multipurpose hall, Lift","Air-Cond, Cooking Allowed, Washing Machine",
106051953,Residensi Rampai,2016,"RM 1,900 per month",Kuala Lumpur - Setapak,Condominium,3,2,2,900 sq.ft.,Fully Furnished,"Security, Swimming Pool, Barbeque area, Playground, Gymnasium, Parking, Lift, Multipurpose hall","Air-Cond, Cooking Allowed, Near KTM/LRT, Washing Machine",
106051086,Serini Melawati,2018,"RM 1,900 per month",Kuala Lumpur - Taman Melawati,Service Residence,2,2,2,836 sq.ft.,Not Furnished,"Minimart, Parking, Swimming Pool, Gymnasium, Security, Playground","Cooking Allowed, Air-Cond, Near KTM/LRT",
105733507,Neu Suites,2021,"RM 1,900 per month",Kuala Lumpur - Ampang,Service Residence,2,2,1,430 sq.ft.,Fully Furnished,"Lift, Parking, Playground, Swimming Pool, Security, Multipurpose hall","Air-Cond, Washing Machine, Cooking Allowed",
104112294,Sentul Point Suite Apartment,2020,"RM 1,900 per month",Kuala Lumpur - Sentul,Service Residence,2,1,2,743 sq.ft.,Fully Furnished,"Parking, Security, Gymnasium, Barbeque area, Playground, Swimming Pool, Multipurpose hall",,
106040668,Villa Wangsamas,2010,"RM 1,900 per month",Kuala Lumpur - Wangsa Maju,Condominium,3,,3,1267 sq.ft.,Partially Furnished,"Parking, Security, Lift, Swimming Pool, Playground, Gymnasium, Barbeque area, Minimart, Multipurpose hall, Club house, Jogging Track","Air-Cond, Cooking Allowed, Near KTM/LRT, Internet",
105954717,Lido Residency,2016,"RM 1,900 per month",Kuala Lumpur - Cheras,Condominium,3,2,2,987 sq.ft.,Partially Furnished,"Playground, Security, Swimming Pool, Parking, Gymnasium, Lift","Air-Cond, Cooking Allowed, Washing Machine",
105837050,Arte @ Mont Kiara,2020,"RM 1,900 per month",Kuala Lumpur - Mont Kiara,Service Residence,1,1,1,540 sq.ft.,Fully Furnished,"Security, Gymnasium, Multipurpose hall, Swimming Pool, Barbeque area, Parking, Lift","Air-Cond, Cooking Allowed, Washing Machine",
105924963,Tuan Residency,2021,"RM 1,900 per month",Kuala Lumpur - Jalan Kuching,Service Residence,3,2,2,878 sq.ft.,Fully Furnished,"Security, Playground, Barbeque area, Parking, Swimming Pool, Gymnasium, Lift, Multipurpose hall","Air-Cond, Cooking Allowed, Washing Machine",
106015171,Desa Green,2016,"RM 1,900 per month",Kuala Lumpur - Taman Desa,Service Residence,2,1,2,719 sq.ft.,Partially Furnished,,,
106009342,The Holmes 2,2021,"RM 1,900 per month",Kuala Lumpur - Cheras,Condominium,3,2,2,1000 sq.ft.,Fully Furnished,"Parking, Security, Lift, Swimming Pool, Playground, Gymnasium, Sauna, Barbeque area, Minimart, Multipurpose hall, Club house, Jogging Track, Tennis Court, Squash Court","Air-Cond, Cooking Allowed, Near KTM/LRT, Washing Machine, Internet",
104667801,Suria Jelatek Residence,2010,"RM 1,900 per month",Kuala Lumpur - Ampang Hilir,Condominium,3,1,2,1500 sq.ft.,Fully Furnished,"Parking, Gymnasium, Jogging Track, Playground, Swimming Pool, Security, Minimart, Barbeque area, Multipurpose hall, Lift","Air-Cond, Cooking Allowed, Near KTM/LRT, Washing Machine, Internet",
105295413,Ascenda Residences @ SkyArena Setapak,2017,"RM 1,900 per month",Kuala Lumpur - Setapak,Condominium,2,2,2,1 sq.ft.,Partially Furnished,"Parking, Multipurpose hall, Swimming Pool, Jogging Track, Barbeque area, Security, Gymnasium, Lift, Playground, Minimart","Cooking Allowed, Air-Cond",
105993972,Sunway Velocity TWO,2024,"RM 1,900 per month",Kuala Lumpur - Cheras,Service Residence,1,1,1,250 sq.ft.,Fully Furnished,"Lift, Barbeque area, Gymnasium, Parking, Playground, Jogging Track, Multipurpose hall, Security, Swimming Pool","Air-Cond, Near KTM/LRT",
105989712,Seasons Garden Residences @ Wangsa Maju,2017,"RM 1,900 per month",Kuala Lumpur - Wangsa Maju,Service Residence,4,2,2,850 sq.ft.,Fully Furnished,"Playground, Minimart, Gymnasium, Security, Jogging Track, Multipurpose hall, Parking, Barbeque area, Swimming Pool, Lift",,
105976270,Royal Domain Sri Putramas 2,2007,"RM 1,900 per month",Kuala Lumpur - Jalan Kuching,Condominium,3,1,2,1245 sq.ft.,Partially Furnished,"Parking, Security, Playground, Swimming Pool, Gymnasium, Barbeque area, Tennis Court, Jogging Track, Multipurpose hall, Lift","Air-Cond, Cooking Allowed",
104321346,Neu Suites,2021,"RM 1,890 per month",Kuala Lumpur - Ampang,Service Residence,2,1,1,500 sq.ft.,Fully Furnished,"Multipurpose hall, Parking, Lift, Security, Swimming Pool, Playground, Gymnasium, Sauna, Minimart","Air-Cond, Cooking Allowed, Near KTM/LRT, Washing Machine",
105911871,M Centura,2021,"RM 1,850 per month",Kuala Lumpur - Sentul,Service Residence,3,1,2,900 sq.ft.,Fully Furnished,"Multipurpose hall, Parking, Playground, Swimming Pool, Barbeque area, Security, Lift, Gymnasium, Sauna, Minimart, Jogging Track","Air-Cond, Cooking Allowed, Near KTM/LRT, Washing Machine",
104653696,Chambers Kuala Lumpur,2022,"RM 1,800 per month",Kuala Lumpur - KL City,Studio,1,,1,450 sq.ft.,Fully Furnished,"Parking, Gymnasium, Swimming Pool, Lift, Multipurpose hall, Playground, Barbeque area, Security, Sauna","Air-Cond, Cooking Allowed, Near KTM/LRT, Washing Machine, Internet",
106048600,Unio Residence,2021,"RM 1,800 per month",Kuala Lumpur - Kepong,Service Residence,2,2,2,866 sq.ft.,Partially Furnished,"Security, Minimart, Swimming Pool, Gymnasium, Multipurpose hall, Lift, Parking, Playground, Tennis Court, Barbeque area, Sauna","Air-Cond, Cooking Allowed, Near KTM/LRT",
106048275,Rafflesia Sentul Condominium,2016,"RM 1,800 per month",Kuala Lumpur - Sentul,Condominium,3,2,2,1200 sq.ft.,Partially Furnished,"Parking, Jogging Track, Security, Lift, Swimming Pool, Playground, Gymnasium, Barbeque area, Minimart, Multipurpose hall, Club house","Air-Cond, Cooking Allowed, Near KTM/LRT, Washing Machine",
106047084,Vista Sentul Residences,2023,"RM 1,800 per month",Kuala Lumpur - Sentul,Service Residence,2,1,2,800 sq.ft.,Fully Furnished,"Swimming Pool, Playground, Parking, Gymnasium, Lift, Multipurpose hall, Security","Air-Cond, Washing Machine",
105989299,Majestic Maxim,2021,"RM 1,800 per month",Kuala Lumpur - Cheras,Service Residence,2,1,2,650 sq.ft.,Fully Furnished,"Lift, Gymnasium, Barbeque area, Parking, Security, Playground, Swimming Pool","Air-Cond, Cooking Allowed, Near KTM/LRT, Washing Machine",
105622638,Platinum Hill PV 6,2008,"RM 1,800 per month",Kuala Lumpur - Setapak,Condominium,4,1,2,1328 sq.ft.,Partially Furnished,"Security, Playground, Parking, Swimming Pool, Gymnasium, Multipurpose hall, Minimart, Lift, Barbeque area, Jogging Track","Air-Cond, Cooking Allowed, Near KTM/LRT",
105853609,Pelangi Kondominium (Sentul),2004,"RM 1,800 per month",Kuala Lumpur - Sentul,Condominium,3,1,2,1266 sq.ft.,Fully Furnished,"Minimart, Jogging Track, Parking, Security, Swimming Pool, Barbeque area, Playground, Gymnasium","Cooking Allowed, Air-Cond, Washing Machine",
106037677,Mizumi Residences,2020,"RM 1,800 per month",Kuala Lumpur - Kepong,Service Residence,4,2,2,932 sq.ft.,Partially Furnished,"Security, Playground, Squash Court, Sauna, Club house, Swimming Pool, Tennis Court, Lift, Multipurpose hall, Gymnasium, Jogging Track, Parking, Minimart","Cooking Allowed, Near KTM/LRT, Washing Machine",
106036917,Suasana Lumayan,2015,"RM 1,800 per month",Kuala Lumpur - Cheras,Condominium,4,1,2,1142 sq.ft.,Partially Furnished,"Minimart, Playground, Sauna, Security, Gymnasium, Lift, Parking","Air-Cond, Cooking Allowed, Washing Machine, Near KTM/LRT",
105532664,Sentul Point Suite Apartment,2020,"RM 1,800 per month",Kuala Lumpur - Sentul,Service Residence,2,,2,743 sq.ft.,Fully Furnished,"Security, Multipurpose hall, Parking, Barbeque area, Playground, Swimming Pool, Gymnasium","Air-Cond, Cooking Allowed, Near KTM/LRT, Washing Machine",
106032607,Residency V,2017,"RM 1,800 per month",Kuala Lumpur - Old Klang Road,Service Residence,2,1,2,645 sq.ft.,Fully Furnished,"Swimming Pool, Playground, Gymnasium, Parking, Barbeque area, Security, Lift, Minimart, Multipurpose hall, Jogging Track","Air-Cond, Cooking Allowed, Washing Machine",
105205436,Arte Plus Jalan Ampang,2018,"RM 1,800 per month",Kuala Lumpur - Ampang,Service Residence,2,1,2,850 sq.ft.,Fully Furnished,"Minimart, Gymnasium, Security, Swimming Pool, Lift, Parking, Jogging Track, Playground","Air-Cond, Cooking Allowed, Washing Machine",
106016261,First Residence,2012,"RM 1,800 per month",Kuala Lumpur - Kepong,Condominium,3,1,2,970 sq.ft.,Partially Furnished,"Security, Swimming Pool, Playground, Gymnasium, Barbeque area","Air-Cond, Near KTM/LRT",
106012027,Razak City Residences (RC Residence),2020,"RM 1,800 per month",Kuala Lumpur - Sungai Besi,Service Residence,3,1,3,1062 sq.ft.,Partially Furnished,"Security, Swimming Pool, Barbeque area, Gymnasium, Playground, Jogging Track, Parking, Lift","Air-Cond, Cooking Allowed, Near KTM/LRT, Washing Machine",
105886050,Pertiwi Indah,,"RM 1,800 per month",Kuala Lumpur - Cheras,Condominium,3,,2,1100 sq.ft.,Fully Furnished,"Security, Parking, Playground",,
105852930,The Scott Garden,2011,"RM 1,800 per month",Kuala Lumpur - Old Klang Road,Service Residence,1,1,2,875 sq.ft.,Fully Furnished,"Parking, Security, Swimming Pool, Gymnasium, Jogging Track, Barbeque area, Playground, Lift, Minimart, Multipurpose hall, Club house","Air-Cond, Cooking Allowed, Washing Machine",
105796711,Kiara East - DEX Suites,2017,"RM 1,800 per month",Kuala Lumpur - KL City,Service Residence,1,1,2,700 sq.ft.,Fully Furnished,"Barbeque area, Parking, Lift, Playground, Swimming Pool, Multipurpose hall, Gymnasium, Jogging Track",,
105710795,Akasia Condominium,,"RM 1,800 per month",Kuala Lumpur - Bukit Jalil,Condominium,3,2,2,1140 sq.ft.,Not Furnished,"Security, Lift, Swimming Pool, Playground, Parking, Gymnasium","Air-Cond, Cooking Allowed",
105989404,Spring Avenue @ Kuchai Lama,2016,"RM 1,800 per month",Kuala Lumpur - Pantai,Service Residence,3,,2,986 sq.ft.,Partially Furnished,"Playground, Lift, Security, Parking, Swimming Pool, Gymnasium, Sauna, Multipurpose hall",Air-Cond,
104977299,Bayu Sentul Condominium,2015,"RM 1,800 per month",Kuala Lumpur - Sentul,Condominium,3,2,2,1363 sq.ft.,Partially Furnished,"Playground, Parking, Swimming Pool, Security, Minimart, Gymnasium, Multipurpose hall, Lift, Sauna, Barbeque area, Club house, Jogging Track","Cooking Allowed, Air-Cond, Near KTM/LRT",
105979473,Lakeville Residence,2017,"RM 1,800 per month",Kuala Lumpur - Jalan Ipoh,Condominium,3,2,2,978 sq.ft.,Partially Furnished,"Playground, Gymnasium, Jogging Track, Barbeque area, Club house, Swimming Pool, Security, Multipurpose hall, Parking","Air-Cond, Cooking Allowed, Near KTM/LRT, Washing Machine",
105747123,Unio Residence,2021,"RM 1,800 per month",Kuala Lumpur - Kepong,Service Residence,2,1,2,866 sq.ft.,Partially Furnished,"Playground, Swimming Pool, Lift, Multipurpose hall, Minimart, Security, Gymnasium, Tennis Court, Barbeque area, Parking","Air-Cond, Near KTM/LRT",
104413717,Rivercity Condominium,2007,"RM 1,799 per month",Kuala Lumpur - Jalan Ipoh,Condominium,3,,2,1215 sq.ft.,Fully Furnished,"Parking, Playground, Swimming Pool, Lift, Security, Gymnasium, Jogging Track","Air-Cond, Near KTM/LRT, Washing Machine",
105776630,Spring Avenue condominium,,"RM 1,750 per month",Kuala Lumpur - Kuchai Lama,Condominium,3,2,2,1000 sq.ft.,Partially Furnished,"Parking, Security, Lift, Swimming Pool, Playground, Gymnasium, Multipurpose hall","Cooking Allowed, Air-Cond",
105292776,Sofiya Residences,2019,"RM 1,750 per month",Kuala Lumpur - Desa ParkCity,Condominium,3,1,2,900 sq.ft.,Partially Furnished,"Playground, Parking, Security, Lift, Swimming Pool, Multipurpose hall, Gymnasium, Sauna","Air-Cond, Cooking Allowed, Washing Machine",
105842153,Sinaran Wangsa Maju,2022,"RM 1,750 per month",Kuala Lumpur - Wangsa Maju,Service Residence,2,1,2,725 sq.ft.,Partially Furnished,"Parking, Security, Multipurpose hall, Playground, Gymnasium, Swimming Pool, Lift","Air-Cond, Cooking Allowed, Near KTM/LRT",
106041645,Shamelin Bestari,,"RM 1,730 per month",Kuala Lumpur - Cheras,Condominium,3,1,2,1040 sq.ft.,Partially Furnished,"Parking, Security, Lift, Swimming Pool, Playground, Gymnasium, Minimart, Jogging Track","Air-Cond, Cooking Allowed, Near KTM/LRT, Washing Machine",
104386946,Spring Avenue @ Kuchai Lama,2016,"RM 1,700 per month",Kuala Lumpur - Pantai,Service Residence,3,,2,1000 sq.ft.,Partially Furnished,"Security, Parking, Playground, Swimming Pool",Air-Cond,
106009056,Kiara East - DEX Suites,2017,"RM 1,700 per month",Kuala Lumpur - KL City,Service Residence,2,1,1,698 sq.ft.,Fully Furnished,"Parking, Gymnasium, Lift, Multipurpose hall, Swimming Pool, Jogging Track, Barbeque area, Playground","Air-Cond, Cooking Allowed, Washing Machine",
106043010,Vista Sentul Residences,2023,"RM 1,700 per month",Kuala Lumpur - Sentul,Service Residence,3,1,2,958 sq.ft.,Partially Furnished,"Swimming Pool, Multipurpose hall, Gymnasium, Parking, Playground, Security, Lift","Air-Cond, Cooking Allowed, Washing Machine, Near KTM/LRT",
105328930,Danau Kota Suite Apartments,2018,"RM 1,700 per month",Kuala Lumpur - Setapak,Apartment,3,,2,829 sq.ft.,Fully Furnished,"Gymnasium, Playground, Barbeque area, Multipurpose hall, Lift, Parking, Security, Swimming Pool","Air-Cond, Cooking Allowed, Washing Machine",
105887684,The Hamstead,,"RM 1,700 per month",Kuala Lumpur - Cheras,Condominium,3,2,2,947 sq.ft.,Partially Furnished,"Lift, Security, Parking, Swimming Pool, Gymnasium, Playground","Cooking Allowed, Washing Machine",
106038475,First Residence,2012,"RM 1,700 per month",Kuala Lumpur - Kepong,Condominium,3,1,2,980 sq.ft.,Partially Furnished,"Playground, Swimming Pool, Gymnasium, Security, Barbeque area",,
105500717,D'Suria Condominium,2015,"RM 1,700 per month",Kuala Lumpur - Ampang,Condominium,3,1,2,1060 sq.ft.,Partially Furnished,"Swimming Pool, Lift, Multipurpose hall, Parking, Playground, Security, Gymnasium, Jogging Track","Air-Cond, Cooking Allowed",
106016592,Angkasa Condominiums,2005,"RM 1,700 per month",Kuala Lumpur - Cheras,Condominium,3,1,2,930 sq.ft.,Partially Furnished,"Minimart, Swimming Pool, Security, Gymnasium, Tennis Court, Parking, Playground","Air-Cond, Washing Machine",
105795441,The Hipster @ Taman Desa,2022,"RM 1,700 per month",Kuala Lumpur - Taman Desa,Condominium,3,2,2,1000 sq.ft.,Partially Furnished,"Lift, Security, Swimming Pool, Gymnasium, Parking, Minimart, Playground, Squash Court, Jogging Track, Barbeque area",,
106006917,Warisan City View,2005,"RM 1,700 per month",Kuala Lumpur - Cheras,Condominium,3,1,2,910 sq.ft.,Fully Furnished,"Parking, Security, Minimart, Swimming Pool, Playground, Jogging Track",,
105226582,Residensi Jalan Jubilee,2020,"RM 1,700 per month",Kuala Lumpur - KL City,Apartment,3,1,2,1017 sq.ft.,Fully Furnished,"Playground, Swimming Pool, Parking, Gymnasium, Lift, Multipurpose hall, Security","Air-Cond, Cooking Allowed, Near KTM/LRT, Washing Machine, Internet",
105988651,Kiara East - DEX Suites,2017,"RM 1,700 per month",Kuala Lumpur - KL City,Service Residence,2,1,1,698 sq.ft.,Fully Furnished,"Jogging Track, Lift, Barbeque area, Gymnasium, Multipurpose hall, Parking, Playground, Swimming Pool, Security","Air-Cond, Cooking Allowed, Near KTM/LRT",
105980222,Platinum Lake PV 21,2016,"RM 1,700 per month",Kuala Lumpur - Setapak,Service Residence,2,2,2,900 sq.ft.,Fully Furnished,"Minimart, Swimming Pool, Club house, Playground, Parking, Security, Gymnasium, Lift",,
105757379,Razak City Residences (RC Residence),2020,"RM 1,700 per month",Kuala Lumpur - Sungai Besi,Service Residence,3,1,3,1000 sq.ft.,Fully Furnished,"Gymnasium, Lift, Playground, Jogging Track, Barbeque area, Swimming Pool, Parking, Security","Air-Cond, Cooking Allowed, Near KTM/LRT, Washing Machine",
105732680,Platinum Lake PV 15,2012,"RM 1,700 per month",Kuala Lumpur - Setapak,Condominium,3,1,2,1313 sq.ft.,Partially Furnished,"Multipurpose hall, Swimming Pool, Barbeque area, Security, Minimart, Parking, Gymnasium, Tennis Court, Playground","Air-Cond, Cooking Allowed, Near KTM/LRT, Washing Machine, Internet",
106014180,Skyville @ Benteng 8,2017,"RM 1,699 per month",Kuala Lumpur - Old Klang Road,Service Residence,3,2,3,1000 sq.ft.,Partially Furnished,"Barbeque area, Gymnasium, Lift, Parking, Playground, Security, Swimming Pool, Sauna","Air-Cond, Cooking Allowed, Near KTM/LRT, Washing Machine",
105998920,The Tamarind @ Sentul East,2005,"RM 1,699 per month",Kuala Lumpur - Sentul,Condominium,2,,2,1115 sq.ft.,Fully Furnished,"Security, Gymnasium, Tennis Court, Playground, Swimming Pool, Barbeque area, Parking, Minimart","Air-Cond, Cooking Allowed, Washing Machine, Near KTM/LRT",
105878563,Vista Wirajaya 2 @ PV9,2022,"RM 1,699 per month",Kuala Lumpur - Setapak,Condominium,3,1,2,850 sq.ft.,Partially Furnished,"Parking, Playground, Swimming Pool, Lift, Multipurpose hall, Security, Minimart","Cooking Allowed, Near KTM/LRT, Washing Machine",
105974093,Condominium Akasia Bukit Jalil,2023,"RM 1,650 per month",Kuala Lumpur - Bukit Jalil,Condominium,3,2,2,1200 sq.ft.,Partially Furnished,"Parking, Jogging Track, Security, Lift, Swimming Pool, Playground, Barbeque area, Multipurpose hall","Cooking Allowed, Near KTM/LRT",
105983343,Mentari Condominium,,"RM 1,650 per month",Kuala Lumpur - Cheras,Condominium,3,1,2,1000 sq.ft.,Fully Furnished,"Gymnasium, Security, Parking, Playground, Swimming Pool, Barbeque area, Lift, Sauna, Minimart, Jogging Track","Cooking Allowed, Washing Machine",
105796654,Residensi Metro Kepong,2023,"RM 1,600 per month",Kuala Lumpur - Kepong,Apartment,3,1,2,803 sq.ft.,Partially Furnished,"Parking, Playground, Lift, Multipurpose hall","Cooking Allowed, Washing Machine",
106050295,Kestana Condominium,2003,"RM 1,600 per month",Kuala Lumpur - Bandar Menjalara,Condominium,3,1,2,960 sq.ft.,Fully Furnished,"Security, Parking, Minimart, Playground, Barbeque area, Swimming Pool, Squash Court",,
105606055,Platinum Splendor Residensi Semarak,2020,"RM 1,600 per month",Kuala Lumpur - Keramat,Condominium,4,2,2,1065 sq.ft.,Not Furnished,"Minimart, Gymnasium, Squash Court, Lift, Sauna, Parking, Security, Playground, Swimming Pool, Tennis Court","Air-Cond, Cooking Allowed, Near KTM/LRT, Washing Machine, Internet",
106040625,Maxim Citylights @ Sentul KL,2017,"RM 1,600 per month",Kuala Lumpur - Sentul,Service Residence,3,2,2,1009 sq.ft.,Partially Furnished,"Parking, Swimming Pool, Security, Jogging Track, Minimart, Playground, Lift, Multipurpose hall",Cooking Allowed,
106011052,M Centura,2021,"RM 1,600 per month",Kuala Lumpur - Sentul,Service Residence,4,2,2,1001 sq.ft.,Fully Furnished,"Parking, Playground, Multipurpose hall, Security, Swimming Pool, Barbeque area, Lift, Minimart, Gymnasium","Air-Cond, Cooking Allowed, Near KTM/LRT, Washing Machine, Internet",
106005791,Residensi Suria Pantai,2020,"RM 1,600 per month",Kuala Lumpur - Pantai,Apartment,3,1,2,807 sq.ft.,Partially Furnished,"Swimming Pool, Parking, Playground, Security, Minimart, Multipurpose hall, Lift","Air-Cond, Near KTM/LRT, Washing Machine, Cooking Allowed",
105896432,Angkasa Condominiums,2005,"RM 1,600 per month",Kuala Lumpur - Cheras,Condominium,3,1,2,920 sq.ft.,Fully Furnished,"Security, Playground, Swimming Pool, Gymnasium, Tennis Court, Parking, Minimart",,
105992909,Vista Sentul Residences,2023,"RM 1,600 per month",Kuala Lumpur - Sentul,Service Residence,3,1,2,958 sq.ft.,Partially Furnished,"Swimming Pool, Parking, Playground, Multipurpose hall, Security, Gymnasium, Lift","Air-Cond, Cooking Allowed",
105857593,The Loft @ ZetaPark,2014,"RM 1,600 per month",Kuala Lumpur - Setapak,Service Residence,1,1,1,650 sq.ft.,Fully Furnished,"Parking, Gymnasium, Security, Swimming Pool, Jogging Track, Sauna, Multipurpose hall, Lift","Air-Cond, Cooking Allowed, Near KTM/LRT, Washing Machine",
105173195,Kiara East - DEX Suites,2017,"RM 1,600 per month",Kuala Lumpur - KL City,Condominium,2,1,1,698 sq.ft.,Fully Furnished,"Multipurpose hall, Gymnasium, Jogging Track, Parking, Playground, Security, Lift, Swimming Pool, Minimart","Air-Cond, Cooking Allowed, Near KTM/LRT, Washing Machine, Internet",
105879504,Sky Awani Residensi,2019,"RM 1,600 per month",Kuala Lumpur - Sentul,Condominium,3,1,2,800 sq.ft.,Partially Furnished,"Parking, Security, Swimming Pool, Playground, Lift, Minimart, Gymnasium","Air-Cond, Cooking Allowed",
105970776,Danau Idaman,2000,"RM 1,600 per month",Kuala Lumpur - Taman Desa,Condominium,3,1,2,938 sq.ft.,Partially Furnished,"Tennis Court, Squash Court, Parking, Security, Swimming Pool, Sauna, Minimart, Playground, Gymnasium, Lift, Multipurpose hall","Air-Cond, Cooking Allowed",
105944227,Sentul Point Suite Apartment,2020,"RM 1,600 per month",Kuala Lumpur - Sentul,Service Residence,2,1,2,743 sq.ft.,Partially Furnished,"Playground, Gymnasium, Barbeque area, Multipurpose hall, Parking, Security, Swimming Pool",Air-Cond,
105836177,Cubic Botanical,2022,"RM 1,550 per month",Kuala Lumpur - Bangsar South,Service Residence,1,,1,250 sq.ft.,Fully Furnished,"Gymnasium, Barbeque area, Sauna, Parking, Playground, Swimming Pool, Jogging Track, Multipurpose hall, Security","Air-Cond, Near KTM/LRT, Internet",
105947029,Residensi Desa Satumas,2021,"RM 1,550 per month",Kuala Lumpur - Taman Desa,Condominium,3,1,2,900 sq.ft.,Fully Furnished,"Playground, Security, Lift, Parking, Multipurpose hall",,
105916253,Sri Jati II (OKR),2007,"RM 1,550 per month",Kuala Lumpur - Old Klang Road,Condominium,3,1,2,1240 sq.ft.,Partially Furnished,"Swimming Pool, Parking, Playground, Lift, Security, Gymnasium, Jogging Track, Multipurpose hall, Minimart","Air-Cond, Cooking Allowed, Near KTM/LRT, Internet, Washing Machine",
106009553,The Valley @ SkySierra,2023,"RM 1,500 per month",Kuala Lumpur - Setiawangsa,Condominium,1,,1,400 sq.ft.,Fully Furnished,"Lift, Barbeque area, Parking, Gymnasium, Tennis Court, Multipurpose hall, Security, Playground, Jogging Track, Swimming Pool, Sauna","Air-Cond, Cooking Allowed",
106051474,Mercu Jalil,2022,"RM 1,500 per month",Kuala Lumpur - Sri Petaling,Apartment,3,1,2,1000 sq.ft.,Partially Furnished,"Jogging Track, Parking, Playground, Multipurpose hall, Security, Lift, Minimart","Cooking Allowed, Near KTM/LRT, Washing Machine",
105248417,Danau Idaman,2000,"RM 1,500 per month",Kuala Lumpur - Taman Desa,Condominium,3,1,2,936 sq.ft.,Fully Furnished,"Security, Swimming Pool, Tennis Court, Squash Court, Minimart, Parking, Playground, Gymnasium, Sauna",,
105918641,Vista Sentul Residences,2023,"RM 1,500 per month",Kuala Lumpur - Sentul,Service Residence,3,1,2,1000 sq.ft.,Partially Furnished,"Lift, Security, Playground, Multipurpose hall, Parking, Gymnasium, Swimming Pool, Barbeque area, Minimart, Jogging Track","Air-Cond, Cooking Allowed, Near KTM/LRT",
106048773,PPA1M Mercu Jalil,2022,"RM 1,500 per month",Kuala Lumpur - Bukit Jalil,Apartment,3,,2,1000 sq.ft.,Partially Furnished,"Multipurpose hall, Playground, Parking, Security, Jogging Track, Lift, Minimart","Air-Cond, Cooking Allowed, Near KTM/LRT",
106048640,Ketumbar Hill,,"RM 1,500 per month",Kuala Lumpur - Cheras,Condominium,4,1,2,1200 sq.ft.,Fully Furnished,"Parking, Security, Lift, Swimming Pool, Playground, Gymnasium, Barbeque area, Minimart, Multipurpose hall, Jogging Track","Air-Cond, Cooking Allowed, Near KTM/LRT, Washing Machine",
105999727,Trion @ KL,2025,"RM 1,500 per month",Kuala Lumpur - Sungai Besi,Condominium,1,,1,300 sq.ft.,Fully Furnished,"Jogging Track, Sauna, Parking, Swimming Pool, Multipurpose hall, Security, Gymnasium, Barbeque area, Playground","Air-Cond, Near KTM/LRT",
105897151,Pandan Heights Condominium,,"RM 1,500 per month",Kuala Lumpur - Cheras,Condominium,3,1,2,1000 sq.ft.,Fully Furnished,"Swimming Pool, Security, Parking, Playground, Jogging Track, Multipurpose hall","Air-Cond, Cooking Allowed, Near KTM/LRT",
106044018,The Luxe by Infinitum,2020,"RM 1,500 per month",Kuala Lumpur - KL City,Condominium,1,,1,100 sq.ft.,Fully Furnished,"Barbeque area, Parking, Security, Gymnasium, Sauna, Playground, Swimming Pool, Lift",,
105581987,Seasons Garden Residences @ Wangsa Maju,2017,"RM 1,500 per month",Kuala Lumpur - Wangsa Maju,Service Residence,4,1,2,900 sq.ft.,Partially Furnished,"Jogging Track, Multipurpose hall, Parking, Security, Barbeque area, Minimart, Playground, Swimming Pool, Gymnasium","Air-Cond, Cooking Allowed",
106041560,Putra Suria Residence,,"RM 1,500 per month",Kuala Lumpur - Cheras,Condominium,3,,2,750 sq.ft.,Fully Furnished,"Jogging Track, Parking, Swimming Pool, Security, Gymnasium, Minimart",,
105719725,Suasana Lumayan,2015,"RM 1,500 per month",Kuala Lumpur - Cheras,Condominium,4,1,2,1142 sq.ft.,Partially Furnished,"Playground, Sauna, Security, Minimart, Gymnasium, Lift, Parking, Swimming Pool","Near KTM/LRT, Cooking Allowed",
106040339,Putra Suria Residence,,"RM 1,500 per month",Kuala Lumpur - Cheras,Apartment,3,1,2,750 sq.ft.,Fully Furnished,"Security, Jogging Track, Parking, Minimart, Gymnasium, Lift, Playground","Air-Cond, Cooking Allowed, Near KTM/LRT, Washing Machine",
106039811,Maytower,2007,"RM 1,500 per month",Kuala Lumpur - KL City,Service Residence,1,,1,350 sq.ft.,Fully Furnished,"Sauna, Security, Swimming Pool, Gymnasium, Lift, Parking","Washing Machine, Cooking Allowed, Near KTM/LRT, Air-Cond",
106038671,Vista Sentul Residences,2023,"RM 1,500 per month",Kuala Lumpur - Sentul,Service Residence,3,1,2,800 sq.ft.,Partially Furnished,"Playground, Swimming Pool, Security, Lift, Parking, Multipurpose hall, Gymnasium",,
106037027,OUG Parklane,2015,"RM 1,500 per month",Kuala Lumpur - OUG,Service Residence,3,1,2,950 sq.ft.,Partially Furnished,"Parking, Playground, Swimming Pool, Security",,
105700841,M Centura,2021,"RM 1,500 per month",Kuala Lumpur - Sentul,Service Residence,3,1,2,850 sq.ft.,Partially Furnished,"Playground, Swimming Pool, Barbeque area, Security, Multipurpose hall, Parking",,
105528455,Queensville,,"RM 1,500 per month",Kuala Lumpur - Cheras,Condominium,1,,1,526 sq.ft.,Fully Furnished,"Parking, Security, Lift, Swimming Pool, Playground, Gymnasium, Barbeque area, Minimart, Multipurpose hall, Jogging Track","Air-Cond, Cooking Allowed, Near KTM/LRT, Washing Machine",
106020561,Residensi Platinum Teratai,2019,"RM 1,500 per month",Kuala Lumpur - Setapak,Condominium,3,2,2,928 sq.ft.,Partially Furnished,"Parking, Swimming Pool, Security, Gymnasium, Multipurpose hall, Playground",,
105345469,Residensi Aman Jalil,2022,"RM 1,500 per month",Kuala Lumpur - Bukit Jalil,Apartment,3,1,2,900 sq.ft.,Partially Furnished,"Multipurpose hall, Parking, Gymnasium, Security, Lift, Playground, Swimming Pool, Minimart, Barbeque area","Cooking Allowed, Near KTM/LRT, Air-Cond, Washing Machine",
104533482,Residensi Aman Jalil,2022,"RM 1,500 per month",Kuala Lumpur - Bukit Jalil,Apartment,3,1,2,900 sq.ft.,Partially Furnished,"Multipurpose hall, Security, Playground, Parking, Swimming Pool, Lift, Gymnasium, Minimart","Cooking Allowed, Near KTM/LRT, Air-Cond",
105217294,Menara Polo,,"RM 1,500 per month",Kuala Lumpur - Desa Pandan,Condominium,2,,1,850 sq.ft.,Partially Furnished,"Parking, Playground, Tennis Court, Barbeque area, Sauna, Security, Gymnasium, Swimming Pool, Squash Court, Lift, Minimart, Multipurpose hall","Air-Cond, Cooking Allowed, Near KTM/LRT, Washing Machine, Internet",
106016042,Putra Suria Residence,,"RM 1,500 per month",Kuala Lumpur - Cheras,Condominium,3,1,2,800 sq.ft.,Fully Furnished,"Gymnasium, Jogging Track, Parking, Minimart, Security, Swimming Pool",,
69265723,The Scott Garden,2011,"RM 1,500 per month",Kuala Lumpur - Old Klang Road,Duplex,1,,2,775 sq.ft.,Fully Furnished,,Air-Cond,
105804962,Delima J Desa Pandan,,"RM 1,500 per month",Kuala Lumpur - Desa Pandan,Apartment,3,,2,990 sq.ft.,Fully Furnished,"Parking, Security",,
106011909,Skyville @ Benteng 8,2017,"RM 1,500 per month",Kuala Lumpur - Old Klang Road,Service Residence,3,2,1,1035 sq.ft.,Partially Furnished,"Gymnasium, Lift, Playground, Barbeque area, Parking, Security",,
106005250,Putra Suria Residence,,"RM 1,500 per month",Kuala Lumpur - Cheras,Condominium,3,1,2,800 sq.ft.,Fully Furnished,"Parking, Security, Lift, Swimming Pool, Playground, Barbeque area, Minimart, Multipurpose hall, Club house, Jogging Track","Air-Cond, Cooking Allowed, Near KTM/LRT, Washing Machine",
105883230,Kenwingston Avenue,2022,"RM 1,500 per month",Kuala Lumpur - Sungai Besi,Service Residence,2,,1,650 sq.ft.,Fully Furnished,"Parking, Security, Lift, Swimming Pool, Playground, Gymnasium, Sauna, Barbeque area, Minimart, Multipurpose hall, Club house, Jogging Track, Tennis Court, Squash Court","Air-Cond, Near KTM/LRT, Washing Machine",
105988429,OUG Parklane,2015,"RM 1,500 per month",Kuala Lumpur - OUG,Service Residence,3,1,2,950 sq.ft.,Partially Furnished,"Security, Swimming Pool, Playground, Parking, Lift","Air-Cond, Cooking Allowed, Near KTM/LRT",
105877962,Residensi Aman Jalil,2022,"RM 1,500 per month",Kuala Lumpur - Bukit Jalil,Apartment,3,1,2,900 sq.ft.,Partially Furnished,"Lift, Swimming Pool, Playground, Security, Multipurpose hall, Parking, Gymnasium","Air-Cond, Cooking Allowed, Near KTM/LRT",
102590334,Bayu Tasik 1,1999,"RM 1,500 per month",Kuala Lumpur - Cheras,Condominium,3,1,2,920 sq.ft.,Fully Furnished,"Parking, Gymnasium, Swimming Pool, Playground, Security, Minimart, Barbeque area","Air-Cond, Cooking Allowed, Near KTM/LRT, Washing Machine",
105983312,Residensi Wangsa Meranti,2018,"RM 1,500 per month",Kuala Lumpur - Setapak,Condominium,3,1,2,809 sq.ft.,Fully Furnished,"Security, Playground, Parking, Swimming Pool, Gymnasium, Sauna, Lift, Barbeque area, Jogging Track, Minimart","Air-Cond, Cooking Allowed, Near KTM/LRT, Washing Machine",
106012147,Razak City Residences (RC Residence),2020,"RM 1,450 per month",Kuala Lumpur - Sungai Besi,Service Residence,2,1,2,845 sq.ft.,Partially Furnished,"Security, Swimming Pool, Barbeque area, Gymnasium, Playground, Jogging Track, Parking, Lift","Cooking Allowed, Near KTM/LRT",
105984452,Prisma Cheras,,"RM 1,450 per month",Kuala Lumpur - Cheras,Condominium,2,1,1,717 sq.ft.,Fully Furnished,"Gymnasium, Parking, Playground, Security, Swimming Pool, Barbeque area, Lift, Minimart, Multipurpose hall","Air-Cond, Cooking Allowed, Near KTM/LRT, Washing Machine",
103067789,The Scott Garden,2011,"RM 1,400 per month",Kuala Lumpur - Old Klang Road,Duplex,1,1,2,775 sq.ft.,Partially Furnished,"Parking, Security, Lift, Swimming Pool, Playground, Gymnasium, Sauna, Barbeque area, Minimart, Multipurpose hall","Air-Cond, Cooking Allowed, Near KTM/LRT, Washing Machine",
105785613,Sky Awani Residensi,2019,"RM 1,400 per month",Kuala Lumpur - Sentul,Condominium,3,1,2,800 sq.ft.,Partially Furnished,"Sauna, Parking, Security, Playground, Swimming Pool, Jogging Track, Minimart, Lift, Gymnasium, Multipurpose hall",Cooking Allowed,
105489492,PPA1M Mercu Jalil,2022,"RM 1,400 per month",Kuala Lumpur - Bukit Jalil,Apartment,3,1,2,1050 sq.ft.,Partially Furnished,"Parking, Lift, Security, Multipurpose hall, Playground, Jogging Track, Barbeque area, Minimart","Cooking Allowed, Near KTM/LRT, Air-Cond",
105768835,D Alamanda,2014,"RM 1,400 per month",Kuala Lumpur - Cheras,Service Residence,2,1,2,916 sq.ft.,Fully Furnished,"Security, Minimart, Swimming Pool, Parking, Gymnasium, Barbeque area, Playground, Lift","Cooking Allowed, Air-Cond",
104740255,Razak City Residences (RC Residence),2020,"RM 1,400 per month",Kuala Lumpur - Sungai Besi,Service Residence,2,1,2,800 sq.ft.,Partially Furnished,"Security, Jogging Track, Barbeque area, Playground, Swimming Pool, Parking, Lift, Gymnasium, Minimart","Cooking Allowed, Air-Cond, Near KTM/LRT",
105984095,Platinum Lake PV 21,2016,"RM 1,400 per month",Kuala Lumpur - Setapak,Service Residence,2,2,2,900 sq.ft.,Partially Furnished,"Parking, Minimart, Gymnasium, Club house, Security, Playground, Swimming Pool, Lift, Sauna, Barbeque area, Jogging Track, Multipurpose hall","Air-Cond, Cooking Allowed, Washing Machine",
105953855,Queensville,,"RM 1,400 per month",Kuala Lumpur - Cheras,Condominium,1,,1,526 sq.ft.,Partially Furnished,"Lift, Security","Air-Cond, Washing Machine",
105747373,Bayu Tasik 1,1999,"RM 1,400 per month",Kuala Lumpur - Cheras,Condominium,3,1,2,920 sq.ft.,Fully Furnished,"Minimart, Swimming Pool, Gymnasium, Security, Playground, Parking, Barbeque area, Lift","Cooking Allowed, Air-Cond, Near KTM/LRT, Washing Machine",
105758800,Vista Langkawi @ Residensi PV 18,2021,"RM 1,400 per month",Kuala Lumpur - Setapak,Service Residence,3,1,2,800 sq.ft.,Not Furnished,"Sauna, Playground, Lift, Multipurpose hall, Security, Parking",,
105888517,Danau Murni,2005,"RM 1,400 per month",Kuala Lumpur - Taman Desa,Condominium,3,1,2,741 sq.ft.,Fully Furnished,"Parking, Minimart, Barbeque area, Security, Playground, Swimming Pool, Tennis Court, Multipurpose hall, Lift, Jogging Track","Air-Cond, Cooking Allowed, Washing Machine",
106020203,PPA1M Mercu Jalil,2022,"RM 1,400 per month",Kuala Lumpur - Bukit Jalil,Apartment,3,,2,1000 sq.ft.,Partially Furnished,"Parking, Lift, Multipurpose hall, Security, Playground, Jogging Track",,
105329203,The Elements,2015,"RM 1,400 per month",Kuala Lumpur - Ampang,Service Residence,1,,1,550 sq.ft.,Fully Furnished,"Swimming Pool, Sauna, Jogging Track, Barbeque area, Playground, Gymnasium, Multipurpose hall, Security","Air-Cond, Washing Machine, Cooking Allowed",
106007185,Putra Suria Residence,,"RM 1,400 per month",Kuala Lumpur - Cheras,Apartment,3,1,2,800 sq.ft.,Fully Furnished,"Security, Minimart, Gymnasium, Swimming Pool, Jogging Track, Parking",,
106005705,Razak City Residences (RC Residence),2020,"RM 1,400 per month",Kuala Lumpur - Sungai Besi,Service Residence,2,,2,800 sq.ft.,Partially Furnished,"Playground, Parking, Security, Barbeque area, Swimming Pool, Gymnasium, Lift, Jogging Track",Cooking Allowed,
105953894,Sky Meridien,2022,"RM 1,400 per month",Kuala Lumpur - Sentul,Service Residence,2,2,2,795 sq.ft.,Partially Furnished,"Playground, Sauna, Gymnasium, Multipurpose hall, Swimming Pool, Parking, Security, Lift, Barbeque area","Air-Cond, Cooking Allowed, Near KTM/LRT",
104815232,Green Avenue,2003,"RM 1,400 per month",Kuala Lumpur - Bukit Jalil,Condominium,2,1,2,1080 sq.ft.,Partially Furnished,"Parking, Jogging Track, Security, Lift, Swimming Pool, Playground, Gymnasium, Sauna, Barbeque area, Minimart, Multipurpose hall, Club house","Air-Cond, Cooking Allowed, Near KTM/LRT",
105893033,Pangsapuri Mawar (Sentul),,"RM 1,400 per month",Kuala Lumpur - Sentul,Condominium,3,1,2,1007 sq.ft.,Partially Furnished,"Parking, Security, Minimart, Lift, Playground, Multipurpose hall","Air-Cond, Cooking Allowed, Near KTM/LRT, Washing Machine",
105945323,Platinum Lake PV 21,2016,"RM 1,400 per month",Kuala Lumpur - Setapak,Condominium,2,,2,900 sq.ft.,Partially Furnished,"Swimming Pool, Minimart, Gymnasium, Club house, Playground, Security, Parking",,
105844005,Residensi Aman Jalil,2022,"RM 1,400 per month",Kuala Lumpur - Bukit Jalil,Apartment,3,1,2,900 sq.ft.,Partially Furnished,"Playground, Parking, Multipurpose hall, Swimming Pool, Lift, Security, Gymnasium",,
104645216,Residensi Suria Pantai,2020,"RM 1,400 per month",Kuala Lumpur - Pantai,Apartment,3,1,2,810 sq.ft.,Not Furnished,"Parking, Swimming Pool, Security, Minimart, Playground, Multipurpose hall, Lift, Barbeque area",Cooking Allowed,
105786550,Prima Court,,"RM 1,399 per month",Kuala Lumpur - Ampang,Apartment,3,1,2,850 sq.ft.,Partially Furnished,"Playground, Security, Barbeque area, Parking","Cooking Allowed, Near KTM/LRT",
106040998,Taman Bukit Segar,,"RM 1,350 per month",Kuala Lumpur - Cheras,Others,1,1,1,650 sq.ft.,Partially Furnished,"Parking, Playground, Minimart, Multipurpose hall, Jogging Track, Lift",Air-Cond,
106039657,Platinum Lake PV 21,2016,"RM 1,350 per month",Kuala Lumpur - Setapak,Service Residence,2,1,2,900 sq.ft.,Partially Furnished,"Club house, Gymnasium, Playground, Security, Minimart, Parking, Swimming Pool",,
106012397,Residensi Aman Jalil,2022,"RM 1,350 per month",Kuala Lumpur - Bukit Jalil,Apartment,3,,2,900 sq.ft.,Partially Furnished,"Gymnasium, Parking, Playground, Swimming Pool, Lift, Security, Multipurpose hall",Air-Cond,
106010994,Mercu Jalil,2022,"RM 1,350 per month",Kuala Lumpur - Sri Petaling,Apartment,3,,2,1000 sq.ft.,Not Furnished,"Jogging Track, Lift, Parking, Security, Multipurpose hall, Playground",,
104967012,Danau Murni,2005,"RM 1,350 per month",Kuala Lumpur - Taman Desa,Condominium,3,,2,900 sq.ft.,Fully Furnished,"Security, Swimming Pool, Parking, Playground, Barbeque area, Minimart",,
106004171,Platinum OUG Residence,2021,"RM 1,350 per month",Kuala Lumpur - OUG,Condominium,3,1,2,1200 sq.ft.,Partially Furnished,"Security, Lift, Playground, Parking","Cooking Allowed, Near KTM/LRT",
105536104,Endah Regal,1995,"RM 1,350 per month",Kuala Lumpur - Sri Petaling,Condominium,3,1,2,1017 sq.ft.,Fully Furnished,"Security, Gymnasium, Tennis Court, Parking, Swimming Pool, Sauna, Lift","Air-Cond, Cooking Allowed, Near KTM/LRT, Washing Machine, Internet",
105393999,Neu Suites,2021,"RM 1,300 per month",Kuala Lumpur - Ampang,Service Residence,2,,2,450 sq.ft.,Partially Furnished,"Security, Lift, Playground, Swimming Pool, Parking, Multipurpose hall",,
106050842,Prima Setapak,,"RM 1,300 per month",Kuala Lumpur - Setapak,Condominium,3,,2,1250 sq.ft.,Not Furnished,"Security, Minimart, Playground, Swimming Pool, Gymnasium, Parking, Squash Court, Barbeque area, Multipurpose hall",,
105973891,Sri Intan 2,,"RM 1,300 per month",Kuala Lumpur - Jalan Ipoh,Condominium,3,1,2,1221 sq.ft.,Partially Furnished,"Parking, Barbeque area, Tennis Court, Jogging Track, Swimming Pool, Playground, Minimart, Security","Cooking Allowed, Near KTM/LRT",
105805258,Idaman Sutera,2002,"RM 1,300 per month",Kuala Lumpur - Setapak,Condominium,3,,2,850 sq.ft.,Not Furnished,"Security, Jogging Track, Parking, Playground, Gymnasium, Tennis Court, Barbeque area, Minimart, Swimming Pool, Sauna",,
105406534,Residensi Razakmas,,"RM 1,300 per month",Kuala Lumpur - Cheras,Apartment,3,1,2,850 sq.ft.,Partially Furnished,"Lift, Security, Parking",Washing Machine,
102854143,Central Residence @ Sg Besi,2015,"RM 1,300 per month",Kuala Lumpur - Sungai Besi,Apartment,2,2,1,565 sq.ft.,Partially Furnished,"Multipurpose hall, Security, Barbeque area, Sauna, Playground, Swimming Pool, Gymnasium","Air-Cond, Cooking Allowed, Near KTM/LRT, Internet",
106038407,Nova II,2017,"RM 1,300 per month",Kuala Lumpur - Segambut,Apartment,2,1,2,931 sq.ft.,Not Furnished,"Swimming Pool, Security, Parking, Playground, Lift, Jogging Track, Multipurpose hall, Barbeque area","Air-Cond, Cooking Allowed",
105583981,Pandan Utama,,"RM 1,300 per month",Kuala Lumpur - Ampang,Apartment,3,1,2,1000 sq.ft.,Partially Furnished,"Playground, Swimming Pool, Security, Parking, Lift","Air-Cond, Cooking Allowed, Near KTM/LRT, Internet",
105729323,PPA1M Metropolitan Kepong,2018,"RM 1,300 per month",Kuala Lumpur - Kepong,Apartment,3,1,2,850 sq.ft.,Partially Furnished,"Minimart, Parking, Club house, Security, Lift, Playground, Multipurpose hall","Cooking Allowed, Air-Cond",
104450951,M Centura,2021,"RM 1,300 per month",Kuala Lumpur - Sentul,Service Residence,2,1,1,646 sq.ft.,Fully Furnished,"Playground, Parking, Security, Barbeque area, Multipurpose hall, Swimming Pool, Lift, Minimart, Tennis Court, Jogging Track, Gymnasium, Club house","Air-Cond, Cooking Allowed, Near KTM/LRT, Washing Machine, Internet",
106006878,Residensi Seri Wahyu @ Jalan Kuching KL,,"RM 1,300 per month",Kuala Lumpur - KL City,Apartment,3,,2,805 sq.ft.,Partially Furnished,"Playground, Jogging Track, Multipurpose hall, Parking, Minimart, Swimming Pool, Security, Gymnasium, Squash Court, Barbeque area, Lift",,
106004330,Midah Ria,,"RM 1,300 per month",Kuala Lumpur - Cheras,Condominium,3,1,2,966 sq.ft.,Partially Furnished,"Parking, Security, Squash Court, Swimming Pool, Playground, Gymnasium, Multipurpose hall, Club house","Air-Cond, Cooking Allowed, Near KTM/LRT, Internet",
105480910,La Villas Condominium,,"RM 1,300 per month",Kuala Lumpur - Setapak,Condominium,3,,2,1001 sq.ft.,Partially Furnished,"Parking, Barbeque area, Minimart, Swimming Pool, Sauna, Security, Playground","Air-Cond, Cooking Allowed",
105991900,Nilam Apartment,1998,"RM 1,300 per month",Kuala Lumpur - Segambut,Apartment,3,1,2,925 sq.ft.,Partially Furnished,"Playground, Parking, Security, Lift, Jogging Track",Cooking Allowed,
105979034,Residensi Platinum Teratai,2019,"RM 1,300 per month",Kuala Lumpur - Setapak,Service Residence,3,1,2,925 sq.ft.,Partially Furnished,"Multipurpose hall, Security, Swimming Pool, Gymnasium, Playground, Parking",,
105908343,Residensi Teratai,2019,"RM 1,300 per month",Kuala Lumpur - Setapak,Condominium,3,1,2,920 sq.ft.,Partially Furnished,"Security, Playground, Parking, Lift, Gymnasium, Swimming Pool, Minimart",Cooking Allowed,
105657458,Residensi Desa Satumas,2021,"RM 1,250 per month",Kuala Lumpur - Taman Desa,Condominium,3,1,2,850 sq.ft.,Not Furnished,"Parking, Playground, Lift, Multipurpose hall, Security, Swimming Pool, Minimart, Barbeque area",Near KTM/LRT,
103900577,Maxim Citylights @ Sentul KL,2017,"RM 1,250 per month",Kuala Lumpur - Sentul,Condominium,2,2,2,856 sq.ft.,Partially Furnished,"Multipurpose hall, Minimart, Security, Jogging Track, Playground, Swimming Pool, Parking, Lift, Gymnasium, Sauna, Barbeque area","Air-Cond, Cooking Allowed, Near KTM/LRT",
106020183,PPA1M Mercu Jalil,2022,"RM 1,250 per month",Kuala Lumpur - Bukit Jalil,Apartment,3,,2,1028 sq.ft.,Not Furnished,"Parking, Lift, Multipurpose hall, Security, Playground, Jogging Track","Near KTM/LRT, Cooking Allowed",
103654620,Widuri Impian,2008,"RM 1,250 per month",Kuala Lumpur - Desa Petaling,Service Residence,3,1,2,956 sq.ft.,Partially Furnished,"Parking, Security, Lift, Swimming Pool, Playground, Gymnasium, Multipurpose hall","Air-Cond, Cooking Allowed, Near KTM/LRT, Washing Machine, Internet",
106050263,Vista Sentul Residences,2023,"RM 1,200 per month",Kuala Lumpur - Sentul,Service Residence,2,1,2,650 sq.ft.,Fully Furnished,"Parking, Security, Lift, Swimming Pool, Playground, Gymnasium, Sauna, Barbeque area, Minimart, Multipurpose hall, Club house, Jogging Track, Tennis Court, Squash Court","Air-Cond, Cooking Allowed, Near KTM/LRT, Washing Machine, Internet",
105599493,Rampai Court,,"RM 1,200 per month",Kuala Lumpur - Wangsa Maju,Apartment,2,4,1,600 sq.ft.,Partially Furnished,"Parking, Barbeque area, Playground, Security",,
106040197,Residensi Jalilmas,2020,"RM 1,200 per month",Kuala Lumpur - Bukit Jalil,Apartment,3,1,2,800 sq.ft.,Partially Furnished,"Security, Multipurpose hall, Parking, Minimart",,
78427480,Central Residence @ Sg Besi,2015,"RM 1,200 per month",Kuala Lumpur - Sungai Besi,Apartment,2,1,1,565 sq.ft.,Partially Furnished,"Sauna, Gymnasium, Barbeque area, Multipurpose hall, Playground, Security, Swimming Pool","Air-Cond, Cooking Allowed, Near KTM/LRT, Internet",
106038438,Pandan Heights Condominium,,"RM 1,200 per month",Kuala Lumpur - Cheras,Condominium,3,1,2,988 sq.ft.,Partially Furnished,"Security, Swimming Pool, Jogging Track, Parking, Playground, Gymnasium","Air-Cond, Cooking Allowed, Near KTM/LRT",
106038170,Residensi Pandanmas 2,2018,"RM 1,200 per month",Kuala Lumpur - Desa Pandan,Apartment,3,,2,900 sq.ft.,Not Furnished,"Multipurpose hall, Minimart, Gymnasium, Security, Playground, Swimming Pool, Jogging Track, Parking",Cooking Allowed,
106037334,Residensi Alam Damai (PR1MA @ Alam Damai),2017,"RM 1,200 per month",Kuala Lumpur - Cheras,Apartment,3,1,2,995 sq.ft.,Fully Furnished,"Parking, Multipurpose hall, Security, Playground","Air-Cond, Cooking Allowed, Washing Machine",
105764843,OUG Parklane,2015,"RM 1,200 per month",Kuala Lumpur - OUG,Service Residence,3,1,2,950 sq.ft.,Partially Furnished,"Parking, Security, Playground, Swimming Pool, Lift, Minimart","Cooking Allowed, Near KTM/LRT, Air-Cond",
106016548,Puncak Banyan,2007,"RM 1,200 per month",Kuala Lumpur - Cheras,Condominium,3,2,2,850 sq.ft.,Fully Furnished,"Security, Minimart, Swimming Pool, Parking, Lift, Playground","Air-Cond, Cooking Allowed, Washing Machine, Near KTM/LRT",
105211808,Danau Murni,2005,"RM 1,200 per month",Kuala Lumpur - Taman Desa,Condominium,3,,2,800 sq.ft.,Partially Furnished,"Barbeque area, Swimming Pool, Playground, Minimart, Parking, Security",,
106009617,Razak City Residences (RC Residence),2020,"RM 1,200 per month",Kuala Lumpur - Sungai Besi,Service Residence,2,1,2,800 sq.ft.,Not Furnished,"Barbeque area, Gymnasium, Parking, Security, Playground, Swimming Pool, Jogging Track, Lift","Cooking Allowed, Near KTM/LRT",
105829638,KEP Apartment,,"RM 1,200 per month",Kuala Lumpur - Kuchai Lama,Apartment,3,1,2,925 sq.ft.,Not Furnished,"Parking, Security, Playground",Cooking Allowed,
105440429,Residensi Jalilmas,2020,"RM 1,200 per month",Kuala Lumpur - Bukit Jalil,Apartment,3,,2,800 sq.ft.,Not Furnished,"Minimart, Multipurpose hall, Security, Parking, Playground, Lift","Cooking Allowed, Near KTM/LRT",
102038414,Residensi Desa Satumas,2021,"RM 1,200 per month",Kuala Lumpur - Taman Desa,Condominium,3,1,2,850 sq.ft.,Partially Furnished,"Lift, Playground, Parking, Multipurpose hall, Security","Air-Cond, Cooking Allowed, Near KTM/LRT, Washing Machine, Internet",
105978625,Desa Aman Puri Apartment,1990,"RM 1,200 per month",Kuala Lumpur - Kepong,Apartment,3,1,2,904 sq.ft.,Partially Furnished,"Parking, Swimming Pool, Minimart, Barbeque area, Playground, Gymnasium","Cooking Allowed, Near KTM/LRT",
105733651,Neu Suites,2021,"RM 1,200 per month",Kuala Lumpur - Ampang,Service Residence,1,,1,225 sq.ft.,Fully Furnished,"Lift, Security, Playground, Swimming Pool, Parking, Multipurpose hall","Air-Cond, Cooking Allowed, Washing Machine",
105993844,TAR Villa,,"RM 1,199 per month",Kuala Lumpur - Setapak,Condominium,3,1,2,1000 sq.ft.,Partially Furnished,"Minimart, Barbeque area, Parking, Security, Lift, Playground","Cooking Allowed, Washing Machine",
105007197,The Court @ Central Residence,2015,"RM 1,150 per month",Kuala Lumpur - Sungai Besi,Service Residence,2,,1,565 sq.ft.,Partially Furnished,"Lift, Multipurpose hall, Gymnasium, Barbeque area, Swimming Pool, Sauna, Parking, Playground, Security",,
105842284,Aliran Damai Apartments,,"RM 1,100 per month",Kuala Lumpur - Cheras,Apartment,3,1,2,947 sq.ft.,Partially Furnished,"Parking, Security, Lift, Swimming Pool, Playground, Minimart","Cooking Allowed, Near KTM/LRT, Air-Cond",
104306509,Armani Residence,,"RM 1,100 per month",Kuala Lumpur - Cheras,Condominium,1,,1,350 sq.ft.,Fully Furnished,"Multipurpose hall, Security, Lift, Swimming Pool, Playground, Gymnasium, Sauna, Barbeque area","Air-Cond, Cooking Allowed, Near KTM/LRT, Washing Machine, Internet",
102172707,Glen View Villa,,"RM 1,100 per month",Kuala Lumpur - Cheras,Condominium,3,,2,1138 sq.ft.,Partially Furnished,"Parking, Swimming Pool, Lift, Security, Playground, Gymnasium, Barbeque area, Multipurpose hall, Jogging Track",Cooking Allowed,
105987925,Fortune Centra Residences,2019,"RM 1,100 per month",Kuala Lumpur - Kepong,Service Residence,1,,1,300 sq.ft.,Partially Furnished,"Gymnasium, Tennis Court, Security, Minimart, Swimming Pool, Barbeque area, Playground, Multipurpose hall, Parking, Squash Court, Jogging Track, Lift, Sauna, Club house",,
105903364,Sri Tioman II,,"RM 1,100 per month",Kuala Lumpur - Setapak,Apartment,2,,2,600 sq.ft.,Fully Furnished,"Security, Lift, Barbeque area, Playground","Cooking Allowed, Near KTM/LRT, Washing Machine",
105979148,Villa Mewah,,"RM 1,100 per month",Kuala Lumpur - Sri Petaling,Apartment,3,1,2,1000 sq.ft.,Partially Furnished,"Security, Parking","Air-Cond, Cooking Allowed",
106005307,Flat Danau Kota,,"RM 1,099 per month",Kuala Lumpur - Setapak,Apartment,3,,2,750 sq.ft.,Fully Furnished,"Minimart, Lift","Cooking Allowed, Near KTM/LRT, Washing Machine, Air-Cond",
103514149,Razak City Residences,,"RM 1,000 per month",Kuala Lumpur - Sungai Besi,Condominium,2,,2,800 sq.ft.,Not Furnished,"Parking, Lift, Security, Swimming Pool, Playground, Gymnasium, Minimart","Cooking Allowed, Near KTM/LRT",
105313834,Villa Mutiara @ Mutiara Complex,2006,"RM 1,000 per month",Kuala Lumpur - Jalan Ipoh,Studio,1,,1,400 sq.ft.,Fully Furnished,"Security, Lift, Swimming Pool, Multipurpose hall, Parking","Air-Cond, Near KTM/LRT, Washing Machine, Cooking Allowed, Internet",
105815192,Sri Penara,,"RM 1,000 per month",Kuala Lumpur - Cheras,Apartment,3,,2,650 sq.ft.,Partially Furnished,"Parking, Security, Minimart, Lift, Playground, Jogging Track",,
105988201,Sri Penara,,"RM 1,000 per month",Kuala Lumpur - Cheras,Apartment,2,2,3,750 sq.ft.,Fully Furnished,"Security, Jogging Track, Playground, Lift, Parking, Minimart","Cooking Allowed, Near KTM/LRT, Washing Machine",
104581474,Residence Razak City,,"RM 1,000 per month",Kuala Lumpur - Ampang,Condominium,3,1,3,1045 sq.ft.,Partially Furnished,"Parking, Security, Lift, Swimming Pool, Playground, Gymnasium, Barbeque area, Minimart, Multipurpose hall","Near KTM/LRT, Cooking Allowed",
